date,Open,High,Low,Close,Volume,Currency,ticker
2023-01-03 00:00:00+00:00,1831.8,1856.6,1831.3,1846.1,198354,USD,Gold
2023-01-04 00:00:00+00:00,1845.2,1871.3,1842.0,1859.0,188603,USD,Gold
2023-01-05 00:00:00+00:00,1861.2,1864.3,1829.9,1840.6,215367,USD,Gold
2023-01-09 00:00:00+00:00,1872.8,1886.4,1869.3,1877.8,170514,USD,Gold
2023-01-10 00:00:00+00:00,1875.7,1885.2,1872.0,1876.5,222250,USD,Gold
2023-01-11 00:00:00+00:00,1881.3,1890.9,1870.9,1878.9,265174,USD,Gold
2023-01-12 00:00:00+00:00,1879.7,1906.5,1872.4,1898.8,247878,USD,Gold
2023-01-17 00:00:00+00:00,1923.8,1931.8,1906.2,1909.9,218967,USD,Gold
2023-01-18 00:00:00+00:00,1911.1,1929.8,1898.6,1907.0,214246,USD,Gold
2023-01-19 00:00:00+00:00,1907.0,1936.9,1902.0,1923.9,165272,USD,Gold
2023-01-23 00:00:00+00:00,1928.4,1936.7,1912.5,1928.6,201713,USD,Gold
2023-01-24 00:00:00+00:00,1932.0,1943.8,1918.2,1935.4,190302,USD,Gold
2023-01-25 00:00:00+00:00,1938.7,1949.5,1920.6,1942.6,223255,USD,Gold
2023-01-26 00:00:00+00:00,1948.0,1949.8,1918.4,1930.0,150902,USD,Gold
2023-01-30 00:00:00+00:00,1936.2,1940.8,1927.3,1930.2,194077,USD,Gold
2023-01-31 00:00:00+00:00,1929.5,1938.0,1907.4,1936.6,210613,USD,Gold
2023-02-01 00:00:00+00:00,1935.1,1961.7,1928.0,1934.3,259844,USD,Gold
2023-02-02 00:00:00+00:00,1959.3,1966.3,1917.1,1922.2,310612,USD,Gold
2023-02-06 00:00:00+00:00,1866.7,1885.4,1865.9,1871.2,179673,USD,Gold
2023-02-07 00:00:00+00:00,1871.9,1888.5,1869.4,1876.5,131904,USD,Gold
2023-02-08 00:00:00+00:00,1877.4,1890.0,1874.0,1882.2,183551,USD,Gold
2023-02-09 00:00:00+00:00,1879.0,1893.7,1862.0,1870.0,155270,USD,Gold
2023-02-13 00:00:00+00:00,1866.7,1868.5,1852.7,1855.1,217012,USD,Gold
2023-02-14 00:00:00+00:00,1856.0,1871.0,1845.0,1857.0,169531,USD,Gold
2023-02-15 00:00:00+00:00,1856.3,1861.7,1831.8,1837.0,168509,USD,Gold
2023-02-16 00:00:00+00:00,1838.9,1846.0,1828.3,1843.4,165081,USD,Gold
2023-02-21 00:00:00+00:00,1842.0,1848.0,1831.1,1834.2,141500,USD,Gold
2023-02-22 00:00:00+00:00,1837.0,1846.4,1825.1,1833.3,179972,USD,Gold
2023-02-23 00:00:00+00:00,1823.6,1832.7,1818.3,1818.8,169473,USD,Gold
2023-02-27 00:00:00+00:00,1818.0,1827.3,1812.0,1824.9,184507,USD,Gold
2023-02-28 00:00:00+00:00,1823.9,1838.6,1810.8,1836.7,182583,USD,Gold
2023-03-01 00:00:00+00:00,1834.0,1852.5,1829.6,1845.4,139755,USD,Gold
2023-03-02 00:00:00+00:00,1843.8,1845.3,1835.9,1840.5,158961,USD,Gold
2023-03-06 00:00:00+00:00,1861.0,1864.3,1850.6,1854.6,248226,USD,Gold
2023-03-07 00:00:00+00:00,1852.6,1856.9,1817.1,1820.0,208292,USD,Gold
2023-03-08 00:00:00+00:00,1818.0,1828.7,1813.4,1818.6,228473,USD,Gold
2023-03-09 00:00:00+00:00,1818.0,1839.4,1815.4,1834.6,345814,USD,Gold
2023-03-13 00:00:00+00:00,1877.1,1919.5,1875.7,1916.5,261275,USD,Gold
2023-03-14 00:00:00+00:00,1919.4,1919.4,1899.8,1910.9,385454,USD,Gold
2023-03-15 00:00:00+00:00,1908.2,1942.5,1889.5,1931.3,248084,USD,Gold
2023-03-16 00:00:00+00:00,1922.8,1938.0,1911.5,1923.0,351092,USD,Gold
2023-03-20 00:00:00+00:00,1989.7,2014.9,1970.0,1982.8,248934,USD,Gold
2023-03-21 00:00:00+00:00,1983.1,1988.7,1938.6,1941.1,245031,USD,Gold
2023-03-22 00:00:00+00:00,1943.5,1982.3,1936.5,1949.6,262247,USD,Gold
2023-03-23 00:00:00+00:00,1974.0,2006.1,1967.3,1995.9,285442,USD,Gold
2023-03-27 00:00:00+00:00,1982.6,1984.0,1945.0,1953.8,183582,USD,Gold
2023-03-28 00:00:00+00:00,1957.8,1977.1,1949.9,1973.5,88563,USD,Gold
2023-03-29 00:00:00+00:00,1975.4,1976.0,1959.5,1966.9,171701,USD,Gold
2023-03-30 00:00:00+00:00,1973.0,1993.3,1962.7,1988.5,162212,USD,Gold
2023-04-03 00:00:00+00:00,1982.6,1998.5,1956.9,1991.3,233301,USD,Gold
2023-04-04 00:00:00+00:00,1993.2,2034.2,1985.9,2029.4,197371,USD,Gold
2023-04-05 00:00:00+00:00,2030.0,2040.1,2018.7,2026.8,149129,USD,Gold
2023-04-10 00:00:00+00:00,2003.6,2011.2,1988.0,1994.8,126376,USD,Gold
2023-04-11 00:00:00+00:00,1996.7,2013.4,1996.2,2010.0,228494,USD,Gold
2023-04-12 00:00:00+00:00,2010.0,2034.1,2007.0,2015.7,198461,USD,Gold
2023-04-13 00:00:00+00:00,2019.5,2053.0,2019.5,2045.8,262825,USD,Gold
2023-04-17 00:00:00+00:00,2004.8,2018.2,1984.6,1997.6,164975,USD,Gold
2023-04-18 00:00:00+00:00,1997.1,2013.4,1994.5,2010.3,218808,USD,Gold
2023-04-19 00:00:00+00:00,2008.5,2009.7,1971.9,1998.0,162840,USD,Gold
2023-04-20 00:00:00+00:00,1996.5,2014.5,1994.2,2009.8,210502,USD,Gold
2023-04-24 00:00:00+00:00,1983.2,1991.0,1975.3,1990.6,222551,USD,Gold
2023-04-25 00:00:00+00:00,1995.4,2005.0,1979.3,1995.1,241399,USD,Gold
2023-04-26 00:00:00+00:00,2000.0,2009.8,1986.6,1986.9,203898,USD,Gold
2023-04-27 00:00:00+00:00,1999.8,2013.3,1982.0,1999.0,172445,USD,Gold
2023-05-01 00:00:00+00:00,2000.2,2015.4,1985.7,1992.2,245637,USD,Gold
2023-05-02 00:00:00+00:00,1990.5,2028.8,1986.9,2023.3,229674,USD,Gold
2023-05-03 00:00:00+00:00,2026.4,2050.0,2016.0,2037.0,311003,USD,Gold
2023-05-04 00:00:00+00:00,2054.7,2085.4,2038.5,2055.7,283299,USD,Gold
2023-05-08 00:00:00+00:00,2024.6,2037.1,2022.0,2033.2,199701,USD,Gold
2023-05-09 00:00:00+00:00,2028.4,2045.1,2026.4,2042.9,260807,USD,Gold
2023-05-10 00:00:00+00:00,2041.6,2056.0,2028.3,2037.1,296976,USD,Gold
2023-05-11 00:00:00+00:00,2036.8,2047.6,2016.7,2020.5,220500,USD,Gold
2023-05-15 00:00:00+00:00,2013.4,2027.5,2011.2,2022.7,229938,USD,Gold
2023-05-16 00:00:00+00:00,2021.3,2022.7,1989.1,1993.0,206552,USD,Gold
2023-05-17 00:00:00+00:00,1993.0,1997.0,1978.1,1984.9,227733,USD,Gold
2023-05-18 00:00:00+00:00,1985.6,1988.8,1954.4,1959.8,234604,USD,Gold
2023-05-22 00:00:00+00:00,1979.4,1984.8,1970.7,1977.2,214358,USD,Gold
2023-05-23 00:00:00+00:00,1973.9,1980.0,1955.8,1974.5,229885,USD,Gold
2023-05-24 00:00:00+00:00,1977.3,1987.9,1958.4,1964.6,253875,USD,Gold
2023-05-25 00:00:00+00:00,1959.5,1965.4,1939.0,1943.7,166036,USD,Gold
2023-05-30 00:00:00+00:00,1951.6,1972.4,1941.2,1968.1,207753,USD,Gold
2023-05-31 00:00:00+00:00,1968.4,1984.0,1963.2,1973.1,176911,USD,Gold
2023-06-01 00:00:00+00:00,1972.3,1991.4,1961.3,1986.5,209694,USD,Gold
2023-06-05 00:00:00+00:00,1954.4,1970.8,1945.0,1965.7,135995,USD,Gold
2023-06-06 00:00:00+00:00,1968.9,1973.6,1962.0,1972.9,189529,USD,Gold
2023-06-07 00:00:00+00:00,1971.2,1977.5,1947.1,1949.9,191843,USD,Gold
2023-06-08 00:00:00+00:00,1948.6,1976.0,1948.1,1969.9,130408,USD,Gold
2023-06-12 00:00:00+00:00,1966.1,1971.5,1954.8,1960.9,198397,USD,Gold
2023-06-13 00:00:00+00:00,1962.9,1976.0,1944.5,1949.9,199710,USD,Gold
2023-06-14 00:00:00+00:00,1948.6,1964.9,1944.3,1960.1,266353,USD,Gold
2023-06-15 00:00:00+00:00,1948.8,1963.7,1929.6,1961.8,160514,USD,Gold
2023-06-20 00:00:00+00:00,1961.7,1961.7,1932.4,1938.9,182021,USD,Gold
2023-06-21 00:00:00+00:00,1939.5,1940.7,1922.2,1936.1,171779,USD,Gold
2023-06-22 00:00:00+00:00,1935.9,1935.9,1914.0,1915.0,186861,USD,Gold
2023-06-26 00:00:00+00:00,1926.4,1934.5,1923.0,1925.1,180436,USD,Gold
2023-06-27 00:00:00+00:00,1927.4,1930.2,1912.3,1915.1,162493,USD,Gold
2023-06-28 00:00:00+00:00,1915.2,1916.7,1903.6,1913.4,205252,USD,Gold
2023-06-29 00:00:00+00:00,1916.5,1921.3,1900.6,1917.9,180688,USD,Gold
2023-07-03 00:00:00+00:00,1927.8,1939.9,1917.7,1929.5,245932,USD,Gold
2023-07-05 00:00:00+00:00,1929.1,1942.9,1922.1,1927.1,231513,USD,Gold
2023-07-06 00:00:00+00:00,1922.4,1934.0,1908.5,1915.4,214272,USD,Gold
2023-07-10 00:00:00+00:00,1930.7,1933.7,1918.0,1931.0,189372,USD,Gold
2023-07-11 00:00:00+00:00,1930.8,1944.5,1929.8,1937.1,270869,USD,Gold
2023-07-12 00:00:00+00:00,1938.0,1965.1,1937.5,1961.7,241215,USD,Gold
2023-07-13 00:00:00+00:00,1962.7,1968.5,1956.6,1963.8,209306,USD,Gold
2023-07-17 00:00:00+00:00,1958.6,1963.6,1949.0,1956.4,264086,USD,Gold
2023-07-18 00:00:00+00:00,1958.3,1988.3,1958.1,1980.8,159409,USD,Gold
2023-07-19 00:00:00+00:00,1982.5,1984.6,1973.3,1980.8,189926,USD,Gold
2023-07-20 00:00:00+00:00,1980.0,1989.8,1967.7,1970.9,156540,USD,Gold
2023-07-24 00:00:00+00:00,1963.6,1969.8,1955.3,1962.2,188848,USD,Gold
2023-07-25 00:00:00+00:00,1957.0,1967.1,1951.6,1963.7,208106,USD,Gold
2023-07-26 00:00:00+00:00,1966.3,1979.9,1963.2,1970.1,194253,USD,Gold
2023-07-27 00:00:00+00:00,1973.3,1982.6,1941.7,1945.7,159597,USD,Gold
2023-07-31 00:00:00+00:00,1967.9,1981.1,1958.0,1979.6,167756,USD,Gold
2023-08-01 00:00:00+00:00,1974.3,1974.4,1949.6,1949.7,169658,USD,Gold
2023-08-02 00:00:00+00:00,1957.1,1962.9,1940.5,1946.0,141345,USD,Gold
2023-08-03 00:00:00+00:00,1943.2,1945.5,1936.6,1939.9,156416,USD,Gold
2023-08-07 00:00:00+00:00,1948.5,1952.0,1937.0,1940.7,142336,USD,Gold
2023-08-08 00:00:00+00:00,1941.8,1943.4,1928.2,1930.8,139259,USD,Gold
2023-08-09 00:00:00+00:00,1930.2,1936.3,1919.8,1921.9,168264,USD,Gold
2023-08-10 00:00:00+00:00,1920.6,1934.4,1915.9,1920.1,122320,USD,Gold
2023-08-14 00:00:00+00:00,1914.9,1918.6,1906.0,1915.6,167153,USD,Gold
2023-08-15 00:00:00+00:00,1911.0,1915.0,1899.7,1906.9,128612,USD,Gold
2023-08-16 00:00:00+00:00,1905.1,1909.6,1894.1,1900.2,152329,USD,Gold
2023-08-17 00:00:00+00:00,1894.6,1904.6,1886.6,1887.2,114737,USD,Gold
2023-08-21 00:00:00+00:00,1890.6,1899.9,1886.3,1895.7,131088,USD,Gold
2023-08-22 00:00:00+00:00,1896.3,1905.7,1890.8,1898.6,170040,USD,Gold
2023-08-23 00:00:00+00:00,1899.2,1921.7,1899.2,1920.5,137393,USD,Gold
2023-08-24 00:00:00+00:00,1918.7,1923.0,1911.6,1919.1,166988,USD,Gold
2023-08-28 00:00:00+00:00,1915.2,1926.0,1912.3,1918.5,174220,USD,Gold
2023-08-29 00:00:00+00:00,1920.3,1937.0,1914.4,1936.4,142380,USD,Gold
2023-08-30 00:00:00+00:00,1947.8,1958.0,1943.8,1954.0,133712,USD,Gold
2023-08-31 00:00:00+00:00,1951.8,1955.6,1946.6,1947.0,160725,USD,Gold
2023-09-05 00:00:00+00:00,1947.9,1954.1,1932.4,1934.3,148775,USD,Gold
2023-09-06 00:00:00+00:00,1933.4,1936.1,1921.6,1925.8,117168,USD,Gold
2023-09-07 00:00:00+00:00,1923.2,1929.0,1922.0,1924.1,138694,USD,Gold
2023-09-11 00:00:00+00:00,1925.6,1936.5,1921.8,1929.2,161993,USD,Gold
2023-09-12 00:00:00+00:00,1927.4,1929.3,1912.0,1917.2,161003,USD,Gold
2023-09-13 00:00:00+00:00,1917.8,1920.1,1909.6,1914.4,201744,USD,Gold
2023-09-14 00:00:00+00:00,1912.7,1916.0,1903.8,1914.4,199773,USD,Gold
2023-09-18 00:00:00+00:00,1927.7,1937.3,1925.8,1935.2,131097,USD,Gold
2023-09-19 00:00:00+00:00,1936.7,1940.3,1932.5,1935.3,220980,USD,Gold
2023-09-20 00:00:00+00:00,1934.7,1950.2,1930.4,1948.6,225908,USD,Gold
2023-09-21 00:00:00+00:00,1932.8,1933.6,1915.0,1921.2,139926,USD,Gold
2023-09-25 00:00:00+00:00,1926.4,1927.9,1915.5,1918.2,212263,USD,Gold
2023-09-26 00:00:00+00:00,1916.7,1917.1,1899.0,1901.6,238525,USD,Gold
2023-09-27 00:00:00+00:00,1900.3,1902.9,1872.1,1872.3,231419,USD,Gold
2023-09-28 00:00:00+00:00,1885.4,1886.7,1865.5,1869.5,245131,USD,Gold
2023-10-02 00:00:00+00:00,1853.9,1855.1,1833.8,1838.2,216784,USD,Gold
2023-10-03 00:00:00+00:00,1835.7,1839.9,1822.8,1832.6,195048,USD,Gold
2023-10-04 00:00:00+00:00,1829.1,1836.0,1823.0,1826.1,172464,USD,Gold
2023-10-05 00:00:00+00:00,1828.0,1834.1,1817.8,1823.2,231024,USD,Gold
2023-10-09 00:00:00+00:00,1850.7,1867.8,1849.1,1855.7,157340,USD,Gold
2023-10-10 00:00:00+00:00,1866.3,1870.0,1858.1,1866.7,169964,USD,Gold
2023-10-11 00:00:00+00:00,1864.6,1881.5,1864.3,1878.4,163475,USD,Gold
2023-10-12 00:00:00+00:00,1880.2,1888.8,1872.1,1874.2,312994,USD,Gold
2023-10-16 00:00:00+00:00,1931.9,1931.9,1912.0,1925.1,165063,USD,Gold
2023-10-17 00:00:00+00:00,1923.2,1934.1,1918.0,1926.4,270045,USD,Gold
2023-10-18 00:00:00+00:00,1926.6,1966.1,1926.6,1958.8,264821,USD,Gold
2023-10-19 00:00:00+00:00,1950.3,1980.7,1948.4,1971.2,289109,USD,Gold
2023-10-23 00:00:00+00:00,1977.9,1983.1,1963.6,1978.2,200943,USD,Gold
2023-10-24 00:00:00+00:00,1975.1,1980.3,1958.3,1976.8,240655,USD,Gold
2023-10-25 00:00:00+00:00,1972.0,1988.8,1971.0,1985.5,214053,USD,Gold
2023-10-26 00:00:00+00:00,1981.6,1992.5,1974.4,1987.9,213757,USD,Gold
2023-10-30 00:00:00+00:00,2013.5,2016.8,1999.7,2005.6,214776,USD,Gold
2023-10-31 00:00:00+00:00,2005.6,2017.7,1987.4,1994.3,197629,USD,Gold
2023-11-01 00:00:00+00:00,1993.3,2005.9,1978.2,1987.5,158650,USD,Gold
2023-11-02 00:00:00+00:00,1992.0,1999.2,1986.3,1993.5,222189,USD,Gold
2023-11-06 00:00:00+00:00,1999.4,2000.1,1984.2,1988.6,218948,USD,Gold
2023-11-07 00:00:00+00:00,1984.8,1985.2,1962.8,1973.5,189359,USD,Gold
2023-11-08 00:00:00+00:00,1975.3,1977.5,1953.2,1957.8,214077,USD,Gold
2023-11-09 00:00:00+00:00,1955.5,1971.5,1948.3,1969.8,229637,USD,Gold
2023-11-13 00:00:00+00:00,1943.4,1953.5,1935.6,1950.2,180741,USD,Gold
2023-11-14 00:00:00+00:00,1950.3,1975.3,1938.8,1966.5,142924,USD,Gold
2023-11-15 00:00:00+00:00,1966.9,1979.2,1958.8,1964.3,186810,USD,Gold
2023-11-16 00:00:00+00:00,1963.0,1991.1,1959.0,1987.3,133120,USD,Gold
2023-11-20 00:00:00+00:00,1980.9,1987.8,1967.2,1980.3,230024,USD,Gold
2023-11-21 00:00:00+00:00,1980.0,2009.8,1979.9,2001.6,199370,USD,Gold
2023-11-22 00:00:00+00:00,2000.3,2008.3,1988.6,1992.8,214880,USD,Gold
2023-11-27 00:00:00+00:00,2002.5,2018.9,2001.4,2012.4,174665,USD,Gold
2023-11-28 00:00:00+00:00,2014.3,2044.1,2011.5,2040.0,197789,USD,Gold
2023-11-29 00:00:00+00:00,2053.2,2062.3,2047.5,2057.5,151918,USD,Gold
2023-11-30 00:00:00+00:00,2055.8,2057.5,2042.6,2047.6,241615,USD,Gold
2023-12-04 00:00:00+00:00,2083.4,2140.7,2030.0,2032.9,209549,USD,Gold
2023-12-05 00:00:00+00:00,2039.2,2050.0,2019.9,2026.9,154219,USD,Gold
2023-12-06 00:00:00+00:00,2028.3,2042.8,2027.0,2038.4,173977,USD,Gold
2023-12-07 00:00:00+00:00,2034.7,2047.3,2027.4,2036.9,237289,USD,Gold
2023-12-11 00:00:00+00:00,2010.6,2013.2,1982.1,1984.3,148532,USD,Gold
2023-12-12 00:00:00+00:00,1989.0,2002.7,1983.5,1983.9,192679,USD,Gold
2023-12-13 00:00:00+00:00,1985.5,2033.3,1979.0,1988.1,231095,USD,Gold
2023-12-14 00:00:00+00:00,2031.6,2053.0,2030.6,2035.2,172147,USD,Gold
2023-12-18 00:00:00+00:00,2023.7,2036.3,2020.8,2030.9,134781,USD,Gold
2023-12-19 00:00:00+00:00,2031.0,2050.0,2025.4,2042.6,122567,USD,Gold
2023-12-20 00:00:00+00:00,2043.5,2045.9,2031.6,2038.1,119952,USD,Gold
2023-12-21 00:00:00+00:00,2034.7,2048.0,2034.0,2041.8,170150,USD,Gold
2023-12-26 00:00:00+00:00,2056.3,2069.6,2056.3,2060.4,128179,USD,Gold
2023-12-27 00:00:00+00:00,2068.0,2085.3,2063.3,2083.4,129544,USD,Gold
2023-12-28 00:00:00+00:00,2089.5,2098.2,2074.6,2083.5,105724,USD,Gold
