Час збору,Компанія,Тип зберігання,URL,Місце зберігання,Адреса/Регіон,Пшениця 3 клас,Пшениця,Ячмінь,Кукурудза,Соя,Пшениця некондиція,Соняшник,Пшениця 2 клас,Соняшник високоолеїновий
2025-12-26 16:51:13,Нібулон,Порт,https://tripoli.land/ua/elevators/nibulon-terminal-nikolaev,Миколаївський термінал - Нібулон,"Николаевская, Николаевский",9 850,9 750,9 350,10 100,9 350,,,,
2025-12-26 16:51:13,Нібулон,Порт,https://tripoli.land/ua/elevators/ramburs-molodyozhnoe-transservis-2008,Транссервіс 2008,"Одесская, Овидиопольский",10 250,10 150,9 800,,9 700,,,,
2025-12-26 16:51:13,Нібулон,Порт,https://tripoli.land/ua/elevators/nibulon-sp-tov-filiya-kremenchutska,Кременчуцький термінал - Нібулон,"Полтавская, Кременчугский",8 950,8 850,8 550,,8 350,,,,
2025-12-26 16:51:13,Нібулон,Порт,https://tripoli.land/ua/elevators/nibulon-sp-tov-filiya-vitove,Вітовський елеватор - Нібулон,"Черкасская, Чигиринский",9 100,9 000,8 650,,8 550,,,,
2025-12-26 16:51:13,Нібулон,Елеватор,https://tripoli.land/ua/elevators/nibulon-sp-tov-filiya-hmilnik,Хмільник елеватор,"Винницкая, Хмельницкий",,,,,8 300,,,,
2025-12-26 16:51:13,Нібулон,Елеватор,https://tripoli.land/ua/elevators/nibulon-sp-tov-filiya-teteriv,Тетерівський елеватор,"Житомирская, Чудновский",8 900,8 800,8 500,,8 250,,,,
2025-12-26 16:51:13,Нібулон,Елеватор,https://tripoli.land/ua/elevators/ternovskiy-terminal-nibulon,Тернівський термінал - Нібулон,"Запорожская, Вольнянский",8 950,8 850,8 450,9 100,8 500,,,,
2025-12-26 16:51:13,Нібулон,Елеватор,https://tripoli.land/ua/elevators/nibulon-sp-tov-filiya-pereyaslavska,Переяславська філія - Нібулон,"Киевская, Переяслав-Хмельницкий",8 800,8 700,8 350,,8 250,17 600,,,
2025-12-26 16:51:13,Нібулон,Елеватор,https://tripoli.land/ua/elevators/nibulon-sp-tov-filiya-denihivka,Деніхівський елеватор,"Киевская, Тетиевский",9 100,9 000,,,8 550,17 500,,,
2025-12-26 16:51:13,Нібулон,Елеватор,https://tripoli.land/ua/elevators/nikolaevskaya-oblast-voznesensk,Вознесенська філія - Нібулон,"Николаевская, Вознесенский",9 750,9 650,9 250,10 000,9 300,,,,
2025-12-26 16:51:13,Нібулон,Елеватор,https://tripoli.land/ua/elevators/vradiyivskiy-agrokombinat-tov,Врадіївський агрокомбінат,"Николаевская, Врадиевский",9 700,9 600,9 200,9 950,9 200,,,,
2025-12-26 16:51:13,Нібулон,Елеватор,https://tripoli.land/ua/elevators/nibulon-sp-tov-novoodeska-filiya,Новоодеська філія Нібулон,"Николаевская, Новоодесский",9 800,9 700,9 300,10 050,9 350,,,,
2025-12-26 16:51:13,Нібулон,Елеватор,https://tripoli.land/ua/elevators/nibulon-sp-tov-filiya-globinska,Глобинський філіал - Нібулон,"Полтавская, Глобинский",8 950,8 850,8 550,,8 350,17 900,,,
2025-12-26 16:51:13,Нібулон,Елеватор,https://tripoli.land/ua/elevators/nibulon-sp-tov-filiya-mar-yanivska,Мар'янівський елеватор,"Полтавская, Гребенковський",8 800,8 700,8 350,,8 230,17 650,,,
2025-12-26 16:51:13,Нібулон,Елеватор,https://tripoli.land/ua/elevators/nibulon-sp-tov-filiya-reshetilivska,Решетилівський елеватор,"Полтавская, Кобеляцкий",8 800,8 700,8 350,,8 230,,,,
2025-12-26 16:51:13,Нібулон,Елеватор,https://tripoli.land/ua/elevators/nibulon-sp-tov-filiya-gradizk,Градізька філія - Нібулон,"Полтавская, Кременчугский",8 950,8 850,8 550,,8 350,17 900,,,
2025-12-26 16:51:13,Нібулон,Елеватор,https://tripoli.land/ua/elevators/nibulon-sp-tov-filiya-kremenchutska,Кременчуцький термінал - Нібулон,"Полтавская, Кременчугский",8 950,8 850,8 550,,8 350,17 800,,,
2025-12-26 16:51:13,Нібулон,Елеватор,https://tripoli.land/ua/elevators/nibulon-sp-tov-filiya-romodan,Філія Ромодан Нібулона,"Полтавская, Миргородский",8 800,8 700,8 350,,8 230,17 650,,,
2025-12-26 16:51:13,Нібулон,Елеватор,https://tripoli.land/ua/elevators/filiya-skorohodovskaya-nibulon,Скороходівська філія,"Полтавская, Чутовский",8 850,8 750,8 400,,8 250,17 650,,,
2025-12-26 16:51:13,Нібулон,Елеватор,https://tripoli.land/ua/elevators/nibulon-sp-tov-filiya-smotrich,Смотрич Філія - Нібулон,"Хмельницкая, Камянец-Подольский",8 750,,8 350,,8 400,,,,
2025-12-26 16:51:13,Нібулон,Елеватор,https://tripoli.land/ua/elevators/nibulon-sp-tov-zolotoniska-filiya,Золотоніська філія - Нібулон,"Черкасская, Золотоношский",8 850,8 750,8 350,,8 350,,,,
2025-12-26 16:51:13,Нібулон,Елеватор,https://tripoli.land/ua/elevators/nibulon-sp-tov-filiya-vitove,Вітовський елеватор - Нібулон,"Черкасская, Чигиринский",9 100,9 000,8 650,,8 550,17 800,,,
2025-12-26 16:51:13,МХП,Порт,https://tripoli.land/ua/elevators/risolil-chernomorsk,Рісоіл (Risoil),"Одесская, Лиманский",,9 500,,,,,,,
2025-12-26 16:51:13,МХП,Елеватор,https://tripoli.land/ua/elevators/vinnitskaya-ptitsefabrika,Ладижинський елеватор Вінницька птахофабрика,"Винницкая, Гайсинский",,27 000,,,8 800,,8 300,,
2025-12-26 16:51:13,МХП,Елеватор,https://tripoli.land/ua/elevators/filiya-prat-zernoprodukt-mhp-shpikov,Зернопродукт МХП – Шпиков,"Винницкая, Тульчинский",,26 600,,,,,,,
2025-12-26 16:51:13,МХП,Елеватор,https://tripoli.land/ua/elevators/orel-lider-meliorativnoe,Орель-Лідер - Меліоративне,"Днепропетровская, Новомосковский",,26 600,,,,,,,
2025-12-26 16:51:13,МХП,Елеватор,https://tripoli.land/ua/elevators/filiya-prat-oril-lider-kitaygorod,Китайгородський елеватор,"Днепропетровская, Царичанський",,26 600,,,,,,,
2025-12-26 16:51:13,МХП,Елеватор,https://tripoli.land/ua/elevators/gorodenkovskiy-elevator-filiala-perspektiv,Городенківський елеватор філія Перспектив,"Ивано-Франковская, Городенковский",,,,,,,7 900,,
2025-12-26 16:51:13,МХП,Елеватор,https://tripoli.land/ua/elevators/mironivskiy-zvkk-pat,Мироновский ЗИКК,"Киевская, Мироновский",,27 000,,,8 800,,8 100,,
2025-12-26 16:51:13,МХП,Елеватор,https://tripoli.land/ua/elevators/yagotinskiy-elevator-otdelenie-ooo-agro-s,"Яготинський елеватор, відділення ТОВ ""Агро-С""","Киевская, Яготинский",,,,,,,8 100,,
2025-12-26 16:51:13,МХП,Елеватор,https://tripoli.land/ua/elevators/filiya-prat-oril-lider-rokita,Орель-Лідер - Рокита,"Полтавская, Великобагачанский",,26 600,,,,,,,
2025-12-26 16:51:13,МХП,Елеватор,https://tripoli.land/ua/elevators/vp-pat-mhp-andriyashevka,Андріяшевський елеватор,"Сумская, Роменский",,26 000,,,,,7 900,,
2025-12-26 16:51:13,МХП,Елеватор,https://tripoli.land/ua/elevators/mhp-yampol,Ямпільський елеватор,"Хмельницкая, Белогорский",,,,,,,7 900,,
2025-12-26 16:51:13,МХП,Елеватор,https://tripoli.land/ua/elevators/katerinopilskiy-elevator-tov-erki,Катеринопільський елеватор,"Черкасская, Катеринопольский",,27 000,,,,,8 200,,
2025-12-26 16:51:13,Агропросперіс (NCH),Порт,https://tripoli.land/ua/elevators/trans-servis-odessa,Транс-сервис термінал,"Одесская, Овидиопольский",10 150,10 100,,9 700,,,,,
2025-12-26 16:51:13,Агропросперіс (NCH),Елеватор,https://tripoli.land/ua/elevators/agrodar-bar-tov,Агродар-Бар,"Винницкая, Барский",8 500,8 400,,8 000,,,7 900,17 200,25 500
2025-12-26 16:51:13,Агропросперіс (NCH),Елеватор,https://tripoli.land/ua/elevators/dzhulinskiy-elevator-tov,Джулінський елеватор,"Винницкая, Бершадский",8 500,8 400,,8 000,,,7 900,17 200,25 500
2025-12-26 16:51:13,Агропросперіс (NCH),Елеватор,https://tripoli.land/ua/elevators/zhmerinskiy-elevator,Жмеринський елеватор,"Винницкая, Жмеринский",8 500,8 400,,8 000,,,7 900,17 200,25 500
2025-12-26 16:51:13,Агропросперіс (NCH),Елеватор,https://tripoli.land/ua/elevators/sorochanskiy-miroshnik-tov,Сорочанський Мірошник,"Винницкая, Ильинецкий",8 500,8 400,,8 000,,,7 900,17 200,25 500
2025-12-26 16:51:13,Агропросперіс (NCH),Елеватор,https://tripoli.land/ua/elevators/radivilivskiy-elevator-tov,Радивилівський елеватор,"Ровенская, Радивиловский",8 300,8 200,,7 800,,,7 700,17 200,25 500
2025-12-26 16:51:13,Агропросперіс (NCH),Елеватор,https://tripoli.land/ua/elevators/dubov-yazivskiy-elevator-tov,Дубов'явський елеватор,"Сумская, Конотопский",8 100,8 000,,7 600,,,7 500,17 000,25 000
2025-12-26 16:51:13,Агропросперіс (NCH),Елеватор,https://tripoli.land/ua/elevators/krolevetskiy-elevator-tov,Кролевецький елеватор,"Сумская, Кролевецкий",8 100,8 000,,7 600,,,7 500,17 000,25 000
2025-12-26 16:51:13,Агропросперіс (NCH),Елеватор,https://tripoli.land/ua/elevators/vlasivskiy-miroshnik-tov,Власівський Мірошник,"Харьковская, Нововодолажский",8 100,8 000,,7 600,,,7 500,17 000,25 000
2025-12-26 16:51:13,Агропросперіс (NCH),Елеватор,https://tripoli.land/ua/elevators/podillya-elevator-tov,Поділля елеватор (Білогородський КХП),"Хмельницкая, Хмельницкий",8 300,8 200,,7 800,,,7 700,17 200,25 500
