timestamp,company,storage_type,storage_location,address_region,culture_ua,price,category_name
2025-12-29 13:03:13,Нібулон,Порт,Миколаївський термінал - Нібулон,"Николаевская, Николаевский",Пшениця 3 клас,9 750,Wheat 3rd grade
2025-12-29 13:03:13,Нібулон,Порт,Транссервіс 2008,"Одесская, Овидиопольский",Пшениця 3 клас,10 250,Wheat 3rd grade
2025-12-29 13:03:13,Нібулон,Порт,Кременчуцький термінал - Нібулон,"Полтавская, Кременчугский",Пшениця 3 клас,8 900,Wheat 3rd grade
2025-12-29 13:03:13,Нібулон,Порт,Вітовський елеватор - Нібулон,"Черкасская, Чигиринский",Пшениця 3 клас,9 000,Wheat 3rd grade
2025-12-29 13:03:13,Нібулон,Елеватор,Тетерівський елеватор,"Житомирская, Чудновский",Пшениця 3 клас,8 850,Wheat 3rd grade
2025-12-29 13:03:13,Нібулон,Елеватор,Тернівський термінал - Нібулон,"Запорожская, Вольнянский",Пшениця 3 клас,8 850,Wheat 3rd grade
2025-12-29 13:03:13,Нібулон,Елеватор,Переяславська філія - Нібулон,"Киевская, Переяслав-Хмельницкий",Пшениця 3 клас,8 750,Wheat 3rd grade
2025-12-29 13:03:13,Нібулон,Елеватор,Деніхівський елеватор,"Киевская, Тетиевский",Пшениця 3 клас,9 000,Wheat 3rd grade
2025-12-29 13:03:13,Нібулон,Елеватор,Вознесенська філія - Нібулон,"Николаевская, Вознесенский",Пшениця 3 клас,9 650,Wheat 3rd grade
2025-12-29 13:03:13,Нібулон,Елеватор,Врадіївський агрокомбінат,"Николаевская, Врадиевский",Пшениця 3 клас,9 600,Wheat 3rd grade
2025-12-29 13:03:13,Нібулон,Елеватор,Новоодеська філія Нібулон,"Николаевская, Новоодесский",Пшениця 3 клас,9 700,Wheat 3rd grade
2025-12-29 13:03:13,Нібулон,Елеватор,Глобинський філіал - Нібулон,"Полтавская, Глобинский",Пшениця 3 клас,8 900,Wheat 3rd grade
2025-12-29 13:03:13,Нібулон,Елеватор,Мар'янівський елеватор,"Полтавская, Гребенковський",Пшениця 3 клас,8 750,Wheat 3rd grade
2025-12-29 13:03:13,Нібулон,Елеватор,Решетилівський елеватор,"Полтавская, Кобеляцкий",Пшениця 3 клас,8 750,Wheat 3rd grade
2025-12-29 13:03:13,Нібулон,Елеватор,Градізька філія - Нібулон,"Полтавская, Кременчугский",Пшениця 3 клас,8 900,Wheat 3rd grade
2025-12-29 13:03:13,Нібулон,Елеватор,Кременчуцький термінал - Нібулон,"Полтавская, Кременчугский",Пшениця 3 клас,8 900,Wheat 3rd grade
2025-12-29 13:03:13,Нібулон,Елеватор,Філія Ромодан Нібулона,"Полтавская, Миргородский",Пшениця 3 клас,8 750,Wheat 3rd grade
2025-12-29 13:03:13,Нібулон,Елеватор,Скороходівська філія,"Полтавская, Чутовский",Пшениця 3 клас,8 800,Wheat 3rd grade
2025-12-29 13:03:13,Нібулон,Елеватор,Смотрич Філія - Нібулон,"Хмельницкая, Камянец-Подольский",Пшениця 3 клас,8 700,Wheat 3rd grade
2025-12-29 13:03:13,Нібулон,Елеватор,Золотоніська філія - Нібулон,"Черкасская, Золотоношский",Пшениця 3 клас,8 800,Wheat 3rd grade
2025-12-29 13:03:13,Нібулон,Елеватор,Вітовський елеватор - Нібулон,"Черкасская, Чигиринский",Пшениця 3 клас,9 000,Wheat 3rd grade
2025-12-29 13:03:13,Нібулон,Порт,Миколаївський термінал - Нібулон,"Николаевская, Николаевский",Пшениця,9 650,Пшениця
2025-12-29 13:03:13,Нібулон,Порт,Транссервіс 2008,"Одесская, Овидиопольский",Пшениця,10 150,Пшениця
2025-12-29 13:03:13,Нібулон,Порт,Кременчуцький термінал - Нібулон,"Полтавская, Кременчугский",Пшениця,8 800,Пшениця
2025-12-29 13:03:13,Нібулон,Порт,Вітовський елеватор - Нібулон,"Черкасская, Чигиринский",Пшениця,8 900,Пшениця
2025-12-29 13:03:13,Нібулон,Елеватор,Тетерівський елеватор,"Житомирская, Чудновский",Пшениця,8 750,Пшениця
2025-12-29 13:03:13,Нібулон,Елеватор,Тернівський термінал - Нібулон,"Запорожская, Вольнянский",Пшениця,8 750,Пшениця
2025-12-29 13:03:13,Нібулон,Елеватор,Переяславська філія - Нібулон,"Киевская, Переяслав-Хмельницкий",Пшениця,8 650,Пшениця
2025-12-29 13:03:13,Нібулон,Елеватор,Деніхівський елеватор,"Киевская, Тетиевский",Пшениця,8 900,Пшениця
2025-12-29 13:03:13,Нібулон,Елеватор,Вознесенська філія - Нібулон,"Николаевская, Вознесенский",Пшениця,9 550,Пшениця
2025-12-29 13:03:13,Нібулон,Елеватор,Врадіївський агрокомбінат,"Николаевская, Врадиевский",Пшениця,9 500,Пшениця
2025-12-29 13:03:13,Нібулон,Елеватор,Новоодеська філія Нібулон,"Николаевская, Новоодесский",Пшениця,9 600,Пшениця
2025-12-29 13:03:13,Нібулон,Елеватор,Глобинський філіал - Нібулон,"Полтавская, Глобинский",Пшениця,8 800,Пшениця
2025-12-29 13:03:13,Нібулон,Елеватор,Мар'янівський елеватор,"Полтавская, Гребенковський",Пшениця,8 650,Пшениця
2025-12-29 13:03:13,Нібулон,Елеватор,Решетилівський елеватор,"Полтавская, Кобеляцкий",Пшениця,8 650,Пшениця
2025-12-29 13:03:13,Нібулон,Елеватор,Градізька філія - Нібулон,"Полтавская, Кременчугский",Пшениця,8 800,Пшениця
2025-12-29 13:03:13,Нібулон,Елеватор,Кременчуцький термінал - Нібулон,"Полтавская, Кременчугский",Пшениця,8 800,Пшениця
2025-12-29 13:03:13,Нібулон,Елеватор,Філія Ромодан Нібулона,"Полтавская, Миргородский",Пшениця,8 650,Пшениця
2025-12-29 13:03:13,Нібулон,Елеватор,Скороходівська філія,"Полтавская, Чутовский",Пшениця,8 700,Пшениця
2025-12-29 13:03:13,Нібулон,Елеватор,Золотоніська філія - Нібулон,"Черкасская, Золотоношский",Пшениця,8 700,Пшениця
2025-12-29 13:03:13,Нібулон,Елеватор,Вітовський елеватор - Нібулон,"Черкасская, Чигиринский",Пшениця,8 900,Пшениця
2025-12-29 13:03:13,Нібулон,Порт,Миколаївський термінал - Нібулон,"Николаевская, Николаевский",Ячмінь,9 300,Barley
2025-12-29 13:03:13,Нібулон,Порт,Транссервіс 2008,"Одесская, Овидиопольский",Ячмінь,9 800,Barley
2025-12-29 13:03:13,Нібулон,Порт,Кременчуцький термінал - Нібулон,"Полтавская, Кременчугский",Ячмінь,8 500,Barley
2025-12-29 13:03:13,Нібулон,Порт,Вітовський елеватор - Нібулон,"Черкасская, Чигиринский",Ячмінь,8 550,Barley
2025-12-29 13:03:13,Нібулон,Елеватор,Тетерівський елеватор,"Житомирская, Чудновский",Ячмінь,8 450,Barley
2025-12-29 13:03:13,Нібулон,Елеватор,Тернівський термінал - Нібулон,"Запорожская, Вольнянский",Ячмінь,8 400,Barley
2025-12-29 13:03:13,Нібулон,Елеватор,Переяславська філія - Нібулон,"Киевская, Переяслав-Хмельницкий",Ячмінь,8 300,Barley
2025-12-29 13:03:13,Нібулон,Елеватор,Вознесенська філія - Нібулон,"Николаевская, Вознесенский",Ячмінь,9 200,Barley
2025-12-29 13:03:13,Нібулон,Елеватор,Врадіївський агрокомбінат,"Николаевская, Врадиевский",Ячмінь,9 150,Barley
2025-12-29 13:03:13,Нібулон,Елеватор,Новоодеська філія Нібулон,"Николаевская, Новоодесский",Ячмінь,9 250,Barley
2025-12-29 13:03:13,Нібулон,Елеватор,Глобинський філіал - Нібулон,"Полтавская, Глобинский",Ячмінь,8 500,Barley
2025-12-29 13:03:13,Нібулон,Елеватор,Мар'янівський елеватор,"Полтавская, Гребенковський",Ячмінь,8 300,Barley
2025-12-29 13:03:13,Нібулон,Елеватор,Решетилівський елеватор,"Полтавская, Кобеляцкий",Ячмінь,8 300,Barley
2025-12-29 13:03:13,Нібулон,Елеватор,Градізька філія - Нібулон,"Полтавская, Кременчугский",Ячмінь,8 500,Barley
2025-12-29 13:03:13,Нібулон,Елеватор,Кременчуцький термінал - Нібулон,"Полтавская, Кременчугский",Ячмінь,8 500,Barley
2025-12-29 13:03:13,Нібулон,Елеватор,Філія Ромодан Нібулона,"Полтавская, Миргородский",Ячмінь,8 300,Barley
2025-12-29 13:03:13,Нібулон,Елеватор,Скороходівська філія,"Полтавская, Чутовский",Ячмінь,8 350,Barley
2025-12-29 13:03:13,Нібулон,Елеватор,Золотоніська філія - Нібулон,"Черкасская, Золотоношский",Ячмінь,8 350,Barley
2025-12-29 13:03:13,Нібулон,Елеватор,Вітовський елеватор - Нібулон,"Черкасская, Чигиринский",Ячмінь,8 550,Barley
2025-12-29 13:03:13,Нібулон,Порт,Миколаївський термінал - Нібулон,"Николаевская, Николаевский",Кукурудза,10 100,Corn
2025-12-29 13:03:13,Нібулон,Елеватор,Тернівський термінал - Нібулон,"Запорожская, Вольнянский",Кукурудза,9 100,Corn
2025-12-29 13:03:13,Нібулон,Елеватор,Вознесенська філія - Нібулон,"Николаевская, Вознесенский",Кукурудза,10 000,Corn
2025-12-29 13:03:13,Нібулон,Елеватор,Врадіївський агрокомбінат,"Николаевская, Врадиевский",Кукурудза,9 950,Corn
2025-12-29 13:03:13,Нібулон,Елеватор,Новоодеська філія Нібулон,"Николаевская, Новоодесский",Кукурудза,10 050,Corn
2025-12-29 13:03:13,Нібулон,Порт,Миколаївський термінал - Нібулон,"Николаевская, Николаевский",Соя,9 350,Soybeans
2025-12-29 13:03:13,Нібулон,Порт,Транссервіс 2008,"Одесская, Овидиопольский",Соя,9 700,Soybeans
2025-12-29 13:03:13,Нібулон,Порт,Кременчуцький термінал - Нібулон,"Полтавская, Кременчугский",Соя,8 350,Soybeans
2025-12-29 13:03:13,Нібулон,Порт,Вітовський елеватор - Нібулон,"Черкасская, Чигиринский",Соя,8 550,Soybeans
2025-12-29 13:03:13,Нібулон,Елеватор,Хмільник елеватор,"Винницкая, Хмельницкий",Соя,8 300,Soybeans
2025-12-29 13:03:13,Нібулон,Елеватор,Тетерівський елеватор,"Житомирская, Чудновский",Соя,8 250,Soybeans
2025-12-29 13:03:13,Нібулон,Елеватор,Тернівський термінал - Нібулон,"Запорожская, Вольнянский",Соя,8 500,Soybeans
2025-12-29 13:03:13,Нібулон,Елеватор,Переяславська філія - Нібулон,"Киевская, Переяслав-Хмельницкий",Соя,8 250,Soybeans
2025-12-29 13:03:13,Нібулон,Елеватор,Деніхівський елеватор,"Киевская, Тетиевский",Соя,8 550,Soybeans
2025-12-29 13:03:13,Нібулон,Елеватор,Вознесенська філія - Нібулон,"Николаевская, Вознесенский",Соя,9 300,Soybeans
2025-12-29 13:03:13,Нібулон,Елеватор,Врадіївський агрокомбінат,"Николаевская, Врадиевский",Соя,9 200,Soybeans
2025-12-29 13:03:13,Нібулон,Елеватор,Новоодеська філія Нібулон,"Николаевская, Новоодесский",Соя,9 350,Soybeans
2025-12-29 13:03:13,Нібулон,Елеватор,Глобинський філіал - Нібулон,"Полтавская, Глобинский",Соя,8 350,Soybeans
2025-12-29 13:03:13,Нібулон,Елеватор,Мар'янівський елеватор,"Полтавская, Гребенковський",Соя,8 230,Soybeans
2025-12-29 13:03:13,Нібулон,Елеватор,Решетилівський елеватор,"Полтавская, Кобеляцкий",Соя,8 230,Soybeans
2025-12-29 13:03:13,Нібулон,Елеватор,Градізька філія - Нібулон,"Полтавская, Кременчугский",Соя,8 350,Soybeans
2025-12-29 13:03:13,Нібулон,Елеватор,Кременчуцький термінал - Нібулон,"Полтавская, Кременчугский",Соя,8 350,Soybeans
2025-12-29 13:03:13,Нібулон,Елеватор,Філія Ромодан Нібулона,"Полтавская, Миргородский",Соя,8 230,Soybeans
2025-12-29 13:03:13,Нібулон,Елеватор,Скороходівська філія,"Полтавская, Чутовский",Соя,8 250,Soybeans
2025-12-29 13:03:13,Нібулон,Елеватор,Смотрич Філія - Нібулон,"Хмельницкая, Камянец-Подольский",Соя,8 400,Soybeans
2025-12-29 13:03:13,Нібулон,Елеватор,Золотоніська філія - Нібулон,"Черкасская, Золотоношский",Соя,8 350,Soybeans
2025-12-29 13:03:13,Нібулон,Елеватор,Вітовський елеватор - Нібулон,"Черкасская, Чигиринский",Соя,8 550,Soybeans
2025-12-29 13:03:13,Нібулон,Елеватор,Переяславська філія - Нібулон,"Киевская, Переяслав-Хмельницкий",Пшениця некондиція,17 600,Пшениця некондиція
2025-12-29 13:03:13,Нібулон,Елеватор,Деніхівський елеватор,"Киевская, Тетиевский",Пшениця некондиція,17 500,Пшениця некондиція
2025-12-29 13:03:13,Нібулон,Елеватор,Глобинський філіал - Нібулон,"Полтавская, Глобинский",Пшениця некондиція,17 900,Пшениця некондиція
2025-12-29 13:03:13,Нібулон,Елеватор,Мар'янівський елеватор,"Полтавская, Гребенковський",Пшениця некондиція,17 650,Пшениця некондиція
2025-12-29 13:03:13,Нібулон,Елеватор,Градізька філія - Нібулон,"Полтавская, Кременчугский",Пшениця некондиція,17 900,Пшениця некондиція
2025-12-29 13:03:13,Нібулон,Елеватор,Кременчуцький термінал - Нібулон,"Полтавская, Кременчугский",Пшениця некондиція,17 800,Пшениця некондиція
2025-12-29 13:03:13,Нібулон,Елеватор,Філія Ромодан Нібулона,"Полтавская, Миргородский",Пшениця некондиція,17 650,Пшениця некондиція
2025-12-29 13:03:13,Нібулон,Елеватор,Скороходівська філія,"Полтавская, Чутовский",Пшениця некондиція,17 650,Пшениця некондиція
2025-12-29 13:03:13,Нібулон,Елеватор,Вітовський елеватор - Нібулон,"Черкасская, Чигиринский",Пшениця некондиція,17 800,Пшениця некондиція
2025-12-29 13:03:13,Кернел,Порт,Трансбалктермінал (ТБТ),"Одесская, Белгород-Днестровский",Пшениця 3 клас,9 800,Wheat 3rd grade
2025-12-29 13:03:13,Кернел,Порт,Трансбалктермінал (ТБТ),"Одесская, Белгород-Днестровский",Пшениця,9 800,Пшениця
2025-12-29 13:03:13,Кернел,Порт,Трансбалктермінал (ТБТ),"Одесская, Белгород-Днестровский",Соняшник,9 400,Sunflower
2025-12-29 13:03:13,Кернел,Порт,Українська Чорноморська Індустрія (УЧІ),"Одесская, Белгород-Днестровский",Ячмінь,26 300,Barley
2025-12-29 13:03:13,Кернел,Порт,Трансбалктермінал (ТБТ),"Одесская, Белгород-Днестровский",Кукурудза,10 200229$,Corn
2025-12-29 13:03:13,Кернел,Порт,Трансбалктермінал (ТБТ),"Одесская, Белгород-Днестровский",Пшениця некондиція,9 550,Пшениця некондиція
2025-12-29 13:03:13,Кернел,Елеватор,Кропивницький ОЕЗ,"Кировоградская, Кропивницкий",Соняшник високоолеїновий,25 900,Sunflower high-oleic
2025-12-29 13:03:13,Кернел,Елеватор,Приднепровский МЭЗ,"Кировоградская, Кропивницкий",Соняшник високоолеїновий,25 900,Sunflower high-oleic
2025-12-29 13:03:13,Кернел,Елеватор,Полтавський ОЕЗ,"Полтавская, Полтавский",Соняшник високоолеїновий,25 400,Sunflower high-oleic
2025-12-29 13:03:13,Кернел,Елеватор,Старокостянтинівський ОЕЗ,"Хмельницкая, Староконстантиновский",Соняшник високоолеїновий,25 400,Sunflower high-oleic
2025-12-29 13:03:13,Кернел,Елеватор,Приднепровский МЭЗ,"Кировоградская, Кропивницкий",Соя,30 500,Soybeans
2025-12-29 13:03:13,Кернел,Елеватор,Бандурский МЭЗ,"Николаевская, Первомайский",Гречка,18 000,Buckwheat
2025-12-29 13:03:13,Кернел,Елеватор,Старокостянтинівський ОЕЗ,"Хмельницкая, Староконстантиновский",Гречка,17 000,Buckwheat
2025-12-29 13:03:13,Кернел,Елеватор,Білоцерківхлібопродукт,"Киевская, Белоцерковский",Ріпак без ГМО,19 000,Ріпак без ГМО
2025-12-29 13:03:13,ЛНЗ Груп,Порт,Чорноморський МТП,"Одесская, Белгород-Днестровский",Пшениця 3 клас,9 200198$,Wheat 3rd grade
2025-12-29 13:03:13,ЛНЗ Груп,Елеватор,Елеватор Київ-Атлантік Україна,"Киевская, Мироновский",Пшениця 3 клас,8 000,Wheat 3rd grade
2025-12-29 13:03:13,ЛНЗ Груп,Порт,Чорноморський МТП,"Одесская, Белгород-Днестровский",Пшениця 4 клас,9 100196$,Wheat 4th grade
2025-12-29 13:03:13,ЛНЗ Груп,Порт,Чорноморський МТП,"Одесская, Белгород-Днестровский",Кукурудза,9 950207$,Corn
2025-12-29 13:03:13,ЛНЗ Груп,Елеватор,Елеватор Київ-Атлантік Україна,"Киевская, Мироновский",Соя,7 900,Soybeans
2025-12-29 13:03:13,ТАС АГРО,Елеватор,Зерногрупа ЛТД (Погребище),"Винницкая, Погребищенский",Соняшник,4 100,Sunflower
2025-12-29 13:03:13,ТАС АГРО,Елеватор,Зерногрупа ЛТД (Погребище),"Винницкая, Погребищенский",Соя,10 000,Soybeans
2025-12-29 13:03:13,Астарта-Київ,Елеватор,Глобинський переробний завод,"Полтавская, Глобинский",,,
2025-12-29 13:03:13,Астарта-Київ,Елеватор,Лутовиновський елеватор,"Полтавская, Козельщинский",,,
2025-12-29 13:03:13,Астарта-Київ,Елеватор,Зерно Агротрейд (Скороходівський елеватор) - Астарта,"Полтавская, Чутовский",,,
2025-12-29 13:03:13,Астарта-Київ,Елеватор,Яреськовский элеватор,"Полтавская, Шишацкий",,,
2025-12-29 13:03:13,Астарта-Київ,Елеватор,Семенівське ХПП,"Черниговская, Новгород-Северский",,,
2025-12-29 13:03:13,МХП,Елеватор,Ладижинський елеватор Вінницька птахофабрика,"Винницкая, Гайсинский",Соняшник,8 300,Sunflower
2025-12-29 13:03:13,МХП,Елеватор,Городенківський елеватор філія Перспектив,"Ивано-Франковская, Городенковский",Соняшник,7 900,Sunflower
2025-12-29 13:03:13,МХП,Елеватор,Мироновский ЗИКК,"Киевская, Мироновский",Соняшник,8 100,Sunflower
2025-12-29 13:03:13,МХП,Елеватор,"Яготинський елеватор, відділення ТОВ ""Агро-С""","Киевская, Яготинский",Соняшник,8 100,Sunflower
2025-12-29 13:03:13,МХП,Елеватор,Андріяшевський елеватор,"Сумская, Роменский",Соняшник,7 900,Sunflower
2025-12-29 13:03:13,МХП,Елеватор,Ямпільський елеватор,"Хмельницкая, Белогорский",Соняшник,7 900,Sunflower
2025-12-29 13:03:13,МХП,Елеватор,Катеринопільський елеватор,"Черкасская, Катеринопольский",Соняшник,8 200,Sunflower
2025-12-29 13:03:13,МХП,Елеватор,Ладижинський елеватор Вінницька птахофабрика,"Винницкая, Гайсинский",Пшениця,27 000,Пшениця
2025-12-29 13:03:13,МХП,Елеватор,Зернопродукт МХП – Шпиков,"Винницкая, Тульчинский",Пшениця,26 600,Пшениця
2025-12-29 13:03:13,МХП,Елеватор,Орель-Лідер - Меліоративне,"Днепропетровская, Новомосковский",Пшениця,26 600,Пшениця
2025-12-29 13:03:13,МХП,Елеватор,Китайгородський елеватор,"Днепропетровская, Царичанський",Пшениця,26 600,Пшениця
2025-12-29 13:03:13,МХП,Елеватор,Мироновский ЗИКК,"Киевская, Мироновский",Пшениця,27 000,Пшениця
2025-12-29 13:03:13,МХП,Елеватор,Орель-Лідер - Рокита,"Полтавская, Великобагачанский",Пшениця,26 600,Пшениця
2025-12-29 13:03:13,МХП,Елеватор,Андріяшевський елеватор,"Сумская, Роменский",Пшениця,26 000,Пшениця
2025-12-29 13:03:13,МХП,Елеватор,Катеринопільський елеватор,"Черкасская, Катеринопольский",Пшениця,27 000,Пшениця
2025-12-29 13:03:13,МХП,Елеватор,Ладижинський елеватор Вінницька птахофабрика,"Винницкая, Гайсинский",Соя,8 800,Soybeans
2025-12-29 13:03:13,МХП,Елеватор,Мироновский ЗИКК,"Киевская, Мироновский",Соя,8 800,Soybeans
2025-12-29 13:03:13,Агропросперіс (NCH),Порт,Транс-сервис термінал,"Одесская, Овидиопольский",Пшениця 3 клас,10 150,Wheat 3rd grade
2025-12-29 13:03:13,Агропросперіс (NCH),Елеватор,Агродар-Бар,"Винницкая, Барский",Пшениця 3 клас,8 500,Wheat 3rd grade
2025-12-29 13:03:13,Агропросперіс (NCH),Елеватор,Джулінський елеватор,"Винницкая, Бершадский",Пшениця 3 клас,8 500,Wheat 3rd grade
2025-12-29 13:03:13,Агропросперіс (NCH),Елеватор,Жмеринський елеватор,"Винницкая, Жмеринский",Пшениця 3 клас,8 500,Wheat 3rd grade
2025-12-29 13:03:13,Агропросперіс (NCH),Елеватор,Сорочанський Мірошник,"Винницкая, Ильинецкий",Пшениця 3 клас,8 500,Wheat 3rd grade
2025-12-29 13:03:13,Агропросперіс (NCH),Елеватор,Радивилівський елеватор,"Ровенская, Радивиловский",Пшениця 3 клас,8 300,Wheat 3rd grade
2025-12-29 13:03:13,Агропросперіс (NCH),Елеватор,Дубов'явський елеватор,"Сумская, Конотопский",Пшениця 3 клас,8 100,Wheat 3rd grade
2025-12-29 13:03:13,Агропросперіс (NCH),Елеватор,Кролевецький елеватор,"Сумская, Кролевецкий",Пшениця 3 клас,8 100,Wheat 3rd grade
2025-12-29 13:03:13,Агропросперіс (NCH),Елеватор,Власівський Мірошник,"Харьковская, Нововодолажский",Пшениця 3 клас,8 100,Wheat 3rd grade
2025-12-29 13:03:13,Агропросперіс (NCH),Елеватор,Поділля елеватор (Білогородський КХП),"Хмельницкая, Хмельницкий",Пшениця 3 клас,8 300,Wheat 3rd grade
2025-12-29 13:03:13,Агропросперіс (NCH),Порт,Транс-сервис термінал,"Одесская, Овидиопольский",Пшениця,10 100,Пшениця
2025-12-29 13:03:13,Агропросперіс (NCH),Елеватор,Агродар-Бар,"Винницкая, Барский",Пшениця,8 400,Пшениця
2025-12-29 13:03:13,Агропросперіс (NCH),Елеватор,Джулінський елеватор,"Винницкая, Бершадский",Пшениця,8 400,Пшениця
2025-12-29 13:03:13,Агропросперіс (NCH),Елеватор,Жмеринський елеватор,"Винницкая, Жмеринский",Пшениця,8 400,Пшениця
2025-12-29 13:03:13,Агропросперіс (NCH),Елеватор,Сорочанський Мірошник,"Винницкая, Ильинецкий",Пшениця,8 400,Пшениця
2025-12-29 13:03:13,Агропросперіс (NCH),Елеватор,Радивилівський елеватор,"Ровенская, Радивиловский",Пшениця,8 200,Пшениця
2025-12-29 13:03:13,Агропросперіс (NCH),Елеватор,Дубов'явський елеватор,"Сумская, Конотопский",Пшениця,8 000,Пшениця
2025-12-29 13:03:13,Агропросперіс (NCH),Елеватор,Кролевецький елеватор,"Сумская, Кролевецкий",Пшениця,8 000,Пшениця
2025-12-29 13:03:13,Агропросперіс (NCH),Елеватор,Власівський Мірошник,"Харьковская, Нововодолажский",Пшениця,8 000,Пшениця
2025-12-29 13:03:13,Агропросперіс (NCH),Елеватор,Поділля елеватор (Білогородський КХП),"Хмельницкая, Хмельницкий",Пшениця,8 200,Пшениця
2025-12-29 13:03:13,Агропросперіс (NCH),Порт,Транс-сервис термінал,"Одесская, Овидиопольский",Кукурудза,9 700,Corn
2025-12-29 13:03:13,Агропросперіс (NCH),Елеватор,Агродар-Бар,"Винницкая, Барский",Кукурудза,8 000,Corn
2025-12-29 13:03:13,Агропросперіс (NCH),Елеватор,Джулінський елеватор,"Винницкая, Бершадский",Кукурудза,8 000,Corn
2025-12-29 13:03:13,Агропросперіс (NCH),Елеватор,Жмеринський елеватор,"Винницкая, Жмеринский",Кукурудза,8 000,Corn
2025-12-29 13:03:13,Агропросперіс (NCH),Елеватор,Сорочанський Мірошник,"Винницкая, Ильинецкий",Кукурудза,8 000,Corn
2025-12-29 13:03:13,Агропросперіс (NCH),Елеватор,Радивилівський елеватор,"Ровенская, Радивиловский",Кукурудза,7 800,Corn
2025-12-29 13:03:13,Агропросперіс (NCH),Елеватор,Дубов'явський елеватор,"Сумская, Конотопский",Кукурудза,7 600,Corn
2025-12-29 13:03:13,Агропросперіс (NCH),Елеватор,Кролевецький елеватор,"Сумская, Кролевецкий",Кукурудза,7 600,Corn
2025-12-29 13:03:13,Агропросперіс (NCH),Елеватор,Власівський Мірошник,"Харьковская, Нововодолажский",Кукурудза,7 600,Corn
2025-12-29 13:03:13,Агропросперіс (NCH),Елеватор,Поділля елеватор (Білогородський КХП),"Хмельницкая, Хмельницкий",Кукурудза,7 800,Corn
2025-12-29 13:03:13,Агропросперіс (NCH),Елеватор,Агродар-Бар,"Винницкая, Барский",Пшениця 2 клас,17 200,Wheat 2nd grade
2025-12-29 13:03:13,Агропросперіс (NCH),Елеватор,Джулінський елеватор,"Винницкая, Бершадский",Пшениця 2 клас,17 200,Wheat 2nd grade
2025-12-29 13:03:13,Агропросперіс (NCH),Елеватор,Жмеринський елеватор,"Винницкая, Жмеринский",Пшениця 2 клас,17 200,Wheat 2nd grade
2025-12-29 13:03:13,Агропросперіс (NCH),Елеватор,Сорочанський Мірошник,"Винницкая, Ильинецкий",Пшениця 2 клас,17 200,Wheat 2nd grade
2025-12-29 13:03:13,Агропросперіс (NCH),Елеватор,Радивилівський елеватор,"Ровенская, Радивиловский",Пшениця 2 клас,17 200,Wheat 2nd grade
2025-12-29 13:03:13,Агропросперіс (NCH),Елеватор,Дубов'явський елеватор,"Сумская, Конотопский",Пшениця 2 клас,17 000,Wheat 2nd grade
2025-12-29 13:03:13,Агропросперіс (NCH),Елеватор,Кролевецький елеватор,"Сумская, Кролевецкий",Пшениця 2 клас,17 000,Wheat 2nd grade
2025-12-29 13:03:13,Агропросперіс (NCH),Елеватор,Власівський Мірошник,"Харьковская, Нововодолажский",Пшениця 2 клас,17 000,Wheat 2nd grade
2025-12-29 13:03:13,Агропросперіс (NCH),Елеватор,Поділля елеватор (Білогородський КХП),"Хмельницкая, Хмельницкий",Пшениця 2 клас,17 200,Wheat 2nd grade
2025-12-29 13:03:13,Агропросперіс (NCH),Елеватор,Агродар-Бар,"Винницкая, Барский",Соняшник,7 900,Sunflower
2025-12-29 13:03:13,Агропросперіс (NCH),Елеватор,Джулінський елеватор,"Винницкая, Бершадский",Соняшник,7 900,Sunflower
2025-12-29 13:03:13,Агропросперіс (NCH),Елеватор,Жмеринський елеватор,"Винницкая, Жмеринский",Соняшник,7 900,Sunflower
2025-12-29 13:03:13,Агропросперіс (NCH),Елеватор,Сорочанський Мірошник,"Винницкая, Ильинецкий",Соняшник,7 900,Sunflower
2025-12-29 13:03:13,Агропросперіс (NCH),Елеватор,Радивилівський елеватор,"Ровенская, Радивиловский",Соняшник,7 700,Sunflower
2025-12-29 13:03:13,Агропросперіс (NCH),Елеватор,Дубов'явський елеватор,"Сумская, Конотопский",Соняшник,7 500,Sunflower
2025-12-29 13:03:13,Агропросперіс (NCH),Елеватор,Кролевецький елеватор,"Сумская, Кролевецкий",Соняшник,7 500,Sunflower
2025-12-29 13:03:13,Агропросперіс (NCH),Елеватор,Власівський Мірошник,"Харьковская, Нововодолажский",Соняшник,7 500,Sunflower
2025-12-29 13:03:13,Агропросперіс (NCH),Елеватор,Поділля елеватор (Білогородський КХП),"Хмельницкая, Хмельницкий",Соняшник,7 700,Sunflower
2025-12-29 13:03:13,Агропросперіс (NCH),Елеватор,Агродар-Бар,"Винницкая, Барский",Соняшник високоолеїновий,25 500,Sunflower high-oleic
2025-12-29 13:03:13,Агропросперіс (NCH),Елеватор,Джулінський елеватор,"Винницкая, Бершадский",Соняшник високоолеїновий,25 500,Sunflower high-oleic
2025-12-29 13:03:13,Агропросперіс (NCH),Елеватор,Жмеринський елеватор,"Винницкая, Жмеринский",Соняшник високоолеїновий,25 500,Sunflower high-oleic
2025-12-29 13:03:13,Агропросперіс (NCH),Елеватор,Сорочанський Мірошник,"Винницкая, Ильинецкий",Соняшник високоолеїновий,25 500,Sunflower high-oleic
2025-12-29 13:03:13,Агропросперіс (NCH),Елеватор,Радивилівський елеватор,"Ровенская, Радивиловский",Соняшник високоолеїновий,25 500,Sunflower high-oleic
2025-12-29 13:03:13,Агропросперіс (NCH),Елеватор,Дубов'явський елеватор,"Сумская, Конотопский",Соняшник високоолеїновий,25 000,Sunflower high-oleic
2025-12-29 13:03:13,Агропросперіс (NCH),Елеватор,Кролевецький елеватор,"Сумская, Кролевецкий",Соняшник високоолеїновий,25 000,Sunflower high-oleic
2025-12-29 13:03:13,Агропросперіс (NCH),Елеватор,Власівський Мірошник,"Харьковская, Нововодолажский",Соняшник високоолеїновий,25 000,Sunflower high-oleic
2025-12-29 13:03:13,Агропросперіс (NCH),Елеватор,Поділля елеватор (Білогородський КХП),"Хмельницкая, Хмельницкий",Соняшник високоолеїновий,25 500,Sunflower high-oleic
