Підприємство,Адреса/Регіон,Пшениця 3 клас,Пшениця,Ячмінь,Кукурудза,Соя,Пшениця некондиція,10 250,"Николаевский терминал - НибулонНиколаевская, Николаевский",9 850,"Витовский элеватор - НибулонЧеркасская, Чигиринский",9 100,"Кременчугский терминал - НибулонПолтавская, Кременчугский",8 950,9 800,"Вознесенский филиал - НибулонНиколаевская, Вознесенский",9 750,"Врадиевский агрокомбинатНиколаевская, Врадиевский",9 700,"Дениховский элеваторКиевская, Тетиевский","Градижск филиал - НибулонПолтавская, Кременчугский","Глобинский филиал - НибулонПолтавская, Глобинский","Терновский терминал - НибулонЗапорожская, Вольнянский","Тетеревский элеваторЖитомирская, Чудновский",8 900,"Золотоношский филиал - НибулонЧеркасская, Золотоношский",8 850,"Скороходовский филиалПолтавская, Чутовский","Филиал Ромодан НибулонаПолтавская, Миргородский",8 800,"Решетиловский элеваторПолтавская, Кобеляцкий","Марьяновский элеваторПолтавская, Гребенковський","Переяславский филиал - НибулонКиевская, Переяслав-Хмельницкий","Смотрич Филиал - НибулонХмельницкая, Камянец-Подольский",8 750,"Зберігання, т","Площа, га",E-Mail
"Миколаївський термінал - НібулонНиколаевская, Николаевский",9 850,9 750,9 350,10 100,9 350,17 800,,,,,,,,,,,,,,,,,,,,,,,,,,,,,,,,
"Транссервіс 2008Одесская, Овидиопольский",10 250,10 150,9 800,,9 700,18 500,,,,,,,,,,,,,,,,,,,,,,,,,,,,,,,,
"Кременчуцький термінал - НібулонПолтавская, Кременчугский",8 950,8 850,8 550,,8 350,17 800,,,,,,,,,,,,,,,,,,,,,,,,,,,,,,,,
"Вітовський елеватор - НібулонЧеркасская, Чигиринский",9 100,9 000,8 650,,8 550,17 800,,,,,,,,,,,,,,,,,,,,,,,,,,,,,,,,
"Хмільник елеваторВинницкая, Хмельницкий",,,,,8 300,,,,,,,,,,,,,,,,,,,,,,,,,,,,,,,,,
"Тетерівський елеваторЖитомирская, Чудновский",8 900,8 800,8 500,,8 250,,8 400,,,,,,,,,,,,,,,,,,,,,,,,,,,,,,,
"Тернівський термінал - НібулонЗапорожская, Вольнянский",8 950,8 850,8 450,9 100,8 500,,,,,,,,,,,,,,,,,,,,,,,,,,,,,,,,,
"Переяславська філія - НібулонКиевская, Переяслав-Хмельницкий",8 800,8 700,8 350,,8 250,17 600,,,,,,,,,,,,,,,,,,,,,,,,,,,,,,,,
"Деніхівський елеваторКиевская, Тетиевский",9 100,9 000,,,8 550,17 500,8 450,,,,,,,,,,,,,,,,,,,,,,,,,,,,,,,
"Вознесенська філія - НібулонНиколаевская, Вознесенский",9 750,9 650,9 250,10 000,9 300,,,,,,,,,,,,,,,,,,,,,,,,,,,,,,,,,
"Врадіївський агрокомбінатНиколаевская, Врадиевский",9 700,9 600,9 200,9 950,9 200,,,,,,,,,,,,,,,,,,,,,,,,,,,,,,,,,
"Новоодеська філія НібулонНиколаевская, Новоодесский",9 800,9 700,9 300,10 050,9 350,,,,,,,,,,,,,,,,,,,,,,,,,,,,,,,,,
"Глобинський філіал - НібулонПолтавская, Глобинский",8 950,8 850,8 550,,8 350,17 900,,,,,,,,,,,,,,,,,,,,,,,,,,,,,,,,
"Мар'янівський елеваторПолтавская, Гребенковський",8 800,8 700,8 350,,8 230,17 650,,,,,,,,,,,,,,,,,,,,,,,,,,,,,,,,
"Решетилівський елеваторПолтавская, Кобеляцкий",8 800,8 700,8 350,,8 230,,,,,,,,,,,,,,,,,,,,,,,,,,,,,,,,,
"Градізька філія - НібулонПолтавская, Кременчугский",8 950,8 850,8 550,,8 350,17 900,,,,,,,,,,,,,,,,,,,,,,,,,,,,,,,,
"Кременчуцький термінал - НібулонПолтавская, Кременчугский",8 950,8 850,8 550,,8 350,17 800,,,,,,,,,,,,,,,,,,,,,,,,,,,,,,,,
"Філія Ромодан НібулонаПолтавская, Миргородский",8 800,8 700,8 350,,8 230,17 650,,,,,,,,,,,,,,,,,,,,,,,,,,,,,,,,
"Скороходівська філіяПолтавская, Чутовский",8 850,8 750,8 400,,8 250,17 650,,,,,,,,,,,,,,,,,,,,,,,,,,,,,,,,
"Смотрич Філія - НібулонХмельницкая, Камянец-Подольский",8 750,,8 350,,8 400,,8 250,,,,,,,,,,,,,,,,,,,,,,,,,,,,,,,
"Золотоніська філія - НібулонЧеркасская, Золотоношский",8 850,8 750,8 350,,8 350,,,,,,,,,,,,,,,,,,,,,,,,,,,,,,,,,
"Вітовський елеватор - НібулонЧеркасская, Чигиринский",9 100,9 000,8 650,,8 550,17 800,,,,,,,,,,,,,,,,,,,,,,,,,,,,,,,,
"Транссервис 2008Одесская, Овидиопольский",10 250,,,,,,,,,,,,,,,,,,,,,,,,,,,,,,,,,,,,,
"Николаевский терминал - НибулонНиколаевская, Николаевский",9 850,,,,,,,,,,,,,,,,,,,,,,,,,,,,,,,,,,,,,
"Витовский элеватор - НибулонЧеркасская, Чигиринский",9 100,,,,,,,,,,,,,,,,,,,,,,,,,,,,,,,,,,,,,
"Кременчугский терминал - НибулонПолтавская, Кременчугский",8 950,,,,,,,,,,,,,,,,,,,,,,,,,,,,,,,,,,,,,
Пшениця 3 клас,"Транссервис 2008Одесская, Овидиопольский",,,,,,,10 150,"Николаевский терминал - НибулонНиколаевская, Николаевский",9 750,"Витовский элеватор - НибулонЧеркасская, Чигиринский",9 000,"Кременчугский терминал - НибулонПолтавская, Кременчугский",8 850,,,,,,,,,,,,,,,,,,,,,,,,
"Транссервис 2008Одесская, Овидиопольский",10 150,,,,,,,,,,,,,,,,,,,,,,,,,,,,,,,,,,,,,
"Николаевский терминал - НибулонНиколаевская, Николаевский",9 750,,,,,,,,,,,,,,,,,,,,,,,,,,,,,,,,,,,,,
"Витовский элеватор - НибулонЧеркасская, Чигиринский",9 000,,,,,,,,,,,,,,,,,,,,,,,,,,,,,,,,,,,,,
"Кременчугский терминал - НибулонПолтавская, Кременчугский",8 850,,,,,,,,,,,,,,,,,,,,,,,,,,,,,,,,,,,,,
Пшениця,"Транссервис 2008Одесская, Овидиопольский",,,,,,,9 800,"Николаевский терминал - НибулонНиколаевская, Николаевский",9 350,"Витовский элеватор - НибулонЧеркасская, Чигиринский",8 650,"Кременчугский терминал - НибулонПолтавская, Кременчугский",8 550,,,,,,,,,,,,,,,,,,,,,,,,
"Транссервис 2008Одесская, Овидиопольский",9 800,,,,,,,,,,,,,,,,,,,,,,,,,,,,,,,,,,,,,
"Николаевский терминал - НибулонНиколаевская, Николаевский",9 350,,,,,,,,,,,,,,,,,,,,,,,,,,,,,,,,,,,,,
"Витовский элеватор - НибулонЧеркасская, Чигиринский",8 650,,,,,,,,,,,,,,,,,,,,,,,,,,,,,,,,,,,,,
"Кременчугский терминал - НибулонПолтавская, Кременчугский",8 550,,,,,,,,,,,,,,,,,,,,,,,,,,,,,,,,,,,,,
Кукурудза,"Транссервис 2008Одесская, Овидиопольский",,,,,,,9 700,"Николаевский терминал - НибулонНиколаевская, Николаевский",9 350,"Витовский элеватор - НибулонЧеркасская, Чигиринский",8 550,"Кременчугский терминал - НибулонПолтавская, Кременчугский",8 350,,,,,,,,,,,,,,,,,,,,,,,,
"Транссервис 2008Одесская, Овидиопольский",9 700,,,,,,,,,,,,,,,,,,,,,,,,,,,,,,,,,,,,,
"Николаевский терминал - НибулонНиколаевская, Николаевский",9 350,,,,,,,,,,,,,,,,,,,,,,,,,,,,,,,,,,,,,
"Витовский элеватор - НибулонЧеркасская, Чигиринский",8 550,,,,,,,,,,,,,,,,,,,,,,,,,,,,,,,,,,,,,
"Кременчугский терминал - НибулонПолтавская, Кременчугский",8 350,,,,,,,,,,,,,,,,,,,,,,,,,,,,,,,,,,,,,
Ячмінь,"Николаевский терминал - НибулонНиколаевская, Николаевский",,,,,,,10 100,,,,,,,,,,,,,,,,,,,,,,,,,,,,,,
"Николаевский терминал - НибулонНиколаевская, Николаевский",10 100,,,,,,,,,,,,,,,,,,,,,,,,,,,,,,,,,,,,,
Соя,"Транссервис 2008Одесская, Овидиопольский",,,,,,,18 500,"Витовский элеватор - НибулонЧеркасская, Чигиринский",17 800,"Кременчугский терминал - НибулонПолтавская, Кременчугский",17 800,"Николаевский терминал - НибулонНиколаевская, Николаевский",17 800,,,,,,,,,,,,,,,,,,,,,,,,
"Транссервис 2008Одесская, Овидиопольский",18 500,,,,,,,,,,,,,,,,,,,,,,,,,,,,,,,,,,,,,
"Витовский элеватор - НибулонЧеркасская, Чигиринский",17 800,,,,,,,,,,,,,,,,,,,,,,,,,,,,,,,,,,,,,
"Кременчугский терминал - НибулонПолтавская, Кременчугский",17 800,,,,,,,,,,,,,,,,,,,,,,,,,,,,,,,,,,,,,
"Николаевский терминал - НибулонНиколаевская, Николаевский",17 800,,,,,,,,,,,,,,,,,,,,,,,,,,,,,,,,,,,,,
"Новоодесский филиал НибулонНиколаевская, Новоодесский",9 800,,,,,,,,,,,,,,,,,,,,,,,,,,,,,,,,,,,,,
"Вознесенский филиал - НибулонНиколаевская, Вознесенский",9 750,,,,,,,,,,,,,,,,,,,,,,,,,,,,,,,,,,,,,
"Врадиевский агрокомбинатНиколаевская, Врадиевский",9 700,,,,,,,,,,,,,,,,,,,,,,,,,,,,,,,,,,,,,
"Витовский элеватор - НибулонЧеркасская, Чигиринский",9 100,,,,,,,,,,,,,,,,,,,,,,,,,,,,,,,,,,,,,
"Дениховский элеваторКиевская, Тетиевский",9 100,,,,,,,,,,,,,,,,,,,,,,,,,,,,,,,,,,,,,
"Кременчугский терминал - НибулонПолтавская, Кременчугский",8 950,,,,,,,,,,,,,,,,,,,,,,,,,,,,,,,,,,,,,
"Градижск филиал - НибулонПолтавская, Кременчугский",8 950,,,,,,,,,,,,,,,,,,,,,,,,,,,,,,,,,,,,,
"Глобинский филиал - НибулонПолтавская, Глобинский",8 950,,,,,,,,,,,,,,,,,,,,,,,,,,,,,,,,,,,,,
"Терновский терминал - НибулонЗапорожская, Вольнянский",8 950,,,,,,,,,,,,,,,,,,,,,,,,,,,,,,,,,,,,,
"Тетеревский элеваторЖитомирская, Чудновский",8 900,,,,,,,,,,,,,,,,,,,,,,,,,,,,,,,,,,,,,
"Золотоношский филиал - НибулонЧеркасская, Золотоношский",8 850,,,,,,,,,,,,,,,,,,,,,,,,,,,,,,,,,,,,,
"Скороходовский филиалПолтавская, Чутовский",8 850,,,,,,,,,,,,,,,,,,,,,,,,,,,,,,,,,,,,,
"Филиал Ромодан НибулонаПолтавская, Миргородский",8 800,,,,,,,,,,,,,,,,,,,,,,,,,,,,,,,,,,,,,
"Решетиловский элеваторПолтавская, Кобеляцкий",8 800,,,,,,,,,,,,,,,,,,,,,,,,,,,,,,,,,,,,,
"Марьяновский элеваторПолтавская, Гребенковський",8 800,,,,,,,,,,,,,,,,,,,,,,,,,,,,,,,,,,,,,
"Переяславский филиал - НибулонКиевская, Переяслав-Хмельницкий",8 800,,,,,,,,,,,,,,,,,,,,,,,,,,,,,,,,,,,,,
"Смотрич Филиал - НибулонХмельницкая, Камянец-Подольский",8 750,,,,,,,,,,,,,,,,,,,,,,,,,,,,,,,,,,,,,
Пшениця 3 клас,"Новоодесский филиал НибулонНиколаевская, Новоодесский",,,,,,,,,,"Витовский элеватор - НибулонЧеркасская, Чигиринский",9 000,"Кременчугский терминал - НибулонПолтавская, Кременчугский",8 850,9 700,"Вознесенский филиал - НибулонНиколаевская, Вознесенский",9 650,"Врадиевский агрокомбинатНиколаевская, Врадиевский",9 600,"Дениховский элеваторКиевская, Тетиевский","Градижск филиал - НибулонПолтавская, Кременчугский","Глобинский филиал - НибулонПолтавская, Глобинский","Терновский терминал - НибулонЗапорожская, Вольнянский","Тетеревский элеваторЖитомирская, Чудновский",8 800,"Золотоношский филиал - НибулонЧеркасская, Золотоношский",8 750,"Скороходовский филиалПолтавская, Чутовский","Филиал Ромодан НибулонаПолтавская, Миргородский",8 700,"Решетиловский элеваторПолтавская, Кобеляцкий","Марьяновский элеваторПолтавская, Гребенковський","Переяславский филиал - НибулонКиевская, Переяслав-Хмельницкий",,,,,
"Новоодесский филиал НибулонНиколаевская, Новоодесский",9 700,,,,,,,,,,,,,,,,,,,,,,,,,,,,,,,,,,,,,
"Вознесенский филиал - НибулонНиколаевская, Вознесенский",9 650,,,,,,,,,,,,,,,,,,,,,,,,,,,,,,,,,,,,,
"Врадиевский агрокомбинатНиколаевская, Врадиевский",9 600,,,,,,,,,,,,,,,,,,,,,,,,,,,,,,,,,,,,,
"Витовский элеватор - НибулонЧеркасская, Чигиринский",9 000,,,,,,,,,,,,,,,,,,,,,,,,,,,,,,,,,,,,,
"Дениховский элеваторКиевская, Тетиевский",9 000,,,,,,,,,,,,,,,,,,,,,,,,,,,,,,,,,,,,,
"Кременчугский терминал - НибулонПолтавская, Кременчугский",8 850,,,,,,,,,,,,,,,,,,,,,,,,,,,,,,,,,,,,,
"Градижск филиал - НибулонПолтавская, Кременчугский",8 850,,,,,,,,,,,,,,,,,,,,,,,,,,,,,,,,,,,,,
"Глобинский филиал - НибулонПолтавская, Глобинский",8 850,,,,,,,,,,,,,,,,,,,,,,,,,,,,,,,,,,,,,
"Терновский терминал - НибулонЗапорожская, Вольнянский",8 850,,,,,,,,,,,,,,,,,,,,,,,,,,,,,,,,,,,,,
"Тетеревский элеваторЖитомирская, Чудновский",8 800,,,,,,,,,,,,,,,,,,,,,,,,,,,,,,,,,,,,,
"Золотоношский филиал - НибулонЧеркасская, Золотоношский",8 750,,,,,,,,,,,,,,,,,,,,,,,,,,,,,,,,,,,,,
"Скороходовский филиалПолтавская, Чутовский",8 750,,,,,,,,,,,,,,,,,,,,,,,,,,,,,,,,,,,,,
"Филиал Ромодан НибулонаПолтавская, Миргородский",8 700,,,,,,,,,,,,,,,,,,,,,,,,,,,,,,,,,,,,,
"Решетиловский элеваторПолтавская, Кобеляцкий",8 700,,,,,,,,,,,,,,,,,,,,,,,,,,,,,,,,,,,,,
"Марьяновский элеваторПолтавская, Гребенковський",8 700,,,,,,,,,,,,,,,,,,,,,,,,,,,,,,,,,,,,,
"Переяславский филиал - НибулонКиевская, Переяслав-Хмельницкий",8 700,,,,,,,,,,,,,,,,,,,,,,,,,,,,,,,,,,,,,
Пшениця,"Новоодесский филиал НибулонНиколаевская, Новоодесский",,,,,,,,,,"Витовский элеватор - НибулонЧеркасская, Чигиринский",8 550,"Градижск филиал - НибулонПолтавская, Кременчугский",8 450,9 300,"Вознесенский филиал - НибулонНиколаевская, Вознесенский",9 250,"Врадиевский агрокомбинатНиколаевская, Врадиевский",9 200,"Кременчугский терминал - НибулонПолтавская, Кременчугский","Глобинский филиал - НибулонПолтавская, Глобинский","Тетеревский элеваторЖитомирская, Чудновский","Терновский терминал - НибулонЗапорожская, Вольнянский","Скороходовский филиалПолтавская, Чутовский",8 400,"Золотоношский филиал - НибулонЧеркасская, Золотоношский",8 350,"Смотрич Филиал - НибулонХмельницкая, Камянец-Подольский","Филиал Ромодан НибулонаПолтавская, Миргородский",8 350,"Решетиловский элеваторПолтавская, Кобеляцкий","Марьяновский элеваторПолтавская, Гребенковський","Переяславский филиал - НибулонКиевская, Переяслав-Хмельницкий",,,,,
"Новоодесский филиал НибулонНиколаевская, Новоодесский",9 300,,,,,,,,,,,,,,,,,,,,,,,,,,,,,,,,,,,,,
"Вознесенский филиал - НибулонНиколаевская, Вознесенский",9 250,,,,,,,,,,,,,,,,,,,,,,,,,,,,,,,,,,,,,
"Врадиевский агрокомбинатНиколаевская, Врадиевский",9 200,,,,,,,,,,,,,,,,,,,,,,,,,,,,,,,,,,,,,
"Витовский элеватор - НибулонЧеркасская, Чигиринский",8 650,,,,,,,,,,,,,,,,,,,,,,,,,,,,,,,,,,,,,
"Кременчугский терминал - НибулонПолтавская, Кременчугский",8 550,,,,,,,,,,,,,,,,,,,,,,,,,,,,,,,,,,,,,
"Градижск филиал - НибулонПолтавская, Кременчугский",8 550,,,,,,,,,,,,,,,,,,,,,,,,,,,,,,,,,,,,,
"Глобинский филиал - НибулонПолтавская, Глобинский",8 550,,,,,,,,,,,,,,,,,,,,,,,,,,,,,,,,,,,,,
"Тетеревский элеваторЖитомирская, Чудновский",8 500,,,,,,,,,,,,,,,,,,,,,,,,,,,,,,,,,,,,,
"Терновский терминал - НибулонЗапорожская, Вольнянский",8 450,,,,,,,,,,,,,,,,,,,,,,,,,,,,,,,,,,,,,
"Скороходовский филиалПолтавская, Чутовский",8 400,,,,,,,,,,,,,,,,,,,,,,,,,,,,,,,,,,,,,
"Золотоношский филиал - НибулонЧеркасская, Золотоношский",8 350,,,,,,,,,,,,,,,,,,,,,,,,,,,,,,,,,,,,,
"Смотрич Филиал - НибулонХмельницкая, Камянец-Подольский",8 350,,,,,,,,,,,,,,,,,,,,,,,,,,,,,,,,,,,,,
"Филиал Ромодан НибулонаПолтавская, Миргородский",8 350,,,,,,,,,,,,,,,,,,,,,,,,,,,,,,,,,,,,,
"Решетиловский элеваторПолтавская, Кобеляцкий",8 350,,,,,,,,,,,,,,,,,,,,,,,,,,,,,,,,,,,,,
"Марьяновский элеваторПолтавская, Гребенковський",8 350,,,,,,,,,,,,,,,,,,,,,,,,,,,,,,,,,,,,,
"Переяславский филиал - НибулонКиевская, Переяслав-Хмельницкий",8 350,,,,,,,,,,,,,,,,,,,,,,,,,,,,,,,,,,,,,
Кукурудза,"Новоодесский филиал НибулонНиколаевская, Новоодесский",,,,,,,,,,"Витовский элеватор - НибулонЧеркасская, Чигиринский",8 550,"Терновский терминал - НибулонЗапорожская, Вольнянский",8 350,9 350,"Вознесенский филиал - НибулонНиколаевская, Вознесенский",9 300,"Врадиевский агрокомбинатНиколаевская, Врадиевский",9 200,"Дениховский элеваторКиевская, Тетиевский","Смотрич Филиал - НибулонХмельницкая, Камянец-Подольский","Золотоношский филиал - НибулонЧеркасская, Золотоношский","Кременчугский терминал - НибулонПолтавская, Кременчугский","Градижск филиал - НибулонПолтавская, Кременчугский",8 350,"Глобинский филиал - НибулонПолтавская, Глобинский",8 300,"Хмельник элеваторВинницкая, Хмельницкий","Скороходовский филиалПолтавская, Чутовский",8 230,"Переяславский филиал - НибулонКиевская, Переяслав-Хмельницкий","Тетеревский элеваторЖитомирская, Чудновский","Филиал Ромодан НибулонаПолтавская, Миргородский","Решетиловский элеваторПолтавская, Кобеляцкий",8 230,,,
"Новоодесский филиал НибулонНиколаевская, Новоодесский",9 350,,,,,,,,,,,,,,,,,,,,,,,,,,,,,,,,,,,,,
"Вознесенский филиал - НибулонНиколаевская, Вознесенский",9 300,,,,,,,,,,,,,,,,,,,,,,,,,,,,,,,,,,,,,
"Врадиевский агрокомбинатНиколаевская, Врадиевский",9 200,,,,,,,,,,,,,,,,,,,,,,,,,,,,,,,,,,,,,
"Витовский элеватор - НибулонЧеркасская, Чигиринский",8 550,,,,,,,,,,,,,,,,,,,,,,,,,,,,,,,,,,,,,
"Дениховский элеваторКиевская, Тетиевский",8 550,,,,,,,,,,,,,,,,,,,,,,,,,,,,,,,,,,,,,
"Терновский терминал - НибулонЗапорожская, Вольнянский",8 500,,,,,,,,,,,,,,,,,,,,,,,,,,,,,,,,,,,,,
"Смотрич Филиал - НибулонХмельницкая, Камянец-Подольский",8 400,,,,,,,,,,,,,,,,,,,,,,,,,,,,,,,,,,,,,
"Золотоношский филиал - НибулонЧеркасская, Золотоношский",8 350,,,,,,,,,,,,,,,,,,,,,,,,,,,,,,,,,,,,,
"Кременчугский терминал - НибулонПолтавская, Кременчугский",8 350,,,,,,,,,,,,,,,,,,,,,,,,,,,,,,,,,,,,,
"Градижск филиал - НибулонПолтавская, Кременчугский",8 350,,,,,,,,,,,,,,,,,,,,,,,,,,,,,,,,,,,,,
"Глобинский филиал - НибулонПолтавская, Глобинский",8 350,,,,,,,,,,,,,,,,,,,,,,,,,,,,,,,,,,,,,
"Хмельник элеваторВинницкая, Хмельницкий",8 300,,,,,,,,,,,,,,,,,,,,,,,,,,,,,,,,,,,,,
"Скороходовский филиалПолтавская, Чутовский",8 250,,,,,,,,,,,,,,,,,,,,,,,,,,,,,,,,,,,,,
"Переяславский филиал - НибулонКиевская, Переяслав-Хмельницкий",8 250,,,,,,,,,,,,,,,,,,,,,,,,,,,,,,,,,,,,,
"Тетеревский элеваторЖитомирская, Чудновский",8 250,,,,,,,,,,,,,,,,,,,,,,,,,,,,,,,,,,,,,
"Филиал Ромодан НибулонаПолтавская, Миргородский",8 230,,,,,,,,,,,,,,,,,,,,,,,,,,,,,,,,,,,,,
"Решетиловский элеваторПолтавская, Кобеляцкий",8 230,,,,,,,,,,,,,,,,,,,,,,,,,,,,,,,,,,,,,
"Марьяновский элеваторПолтавская, Гребенковський",8 230,,,,,,,,,,,,,,,,,,,,,,,,,,,,,,,,,,,,,
Ячмінь,"Новоодесский филиал НибулонНиколаевская, Новоодесский",,,,,,,,,,"Терновский терминал - НибулонЗапорожская, Вольнянский",9 100,,,10 050,"Вознесенский филиал - НибулонНиколаевская, Вознесенский",10 000,"Врадиевский агрокомбинатНиколаевская, Врадиевский",9 950,,,,,,,,,,,,,,,,,,,
"Новоодесский филиал НибулонНиколаевская, Новоодесский",10 050,,,,,,,,,,,,,,,,,,,,,,,,,,,,,,,,,,,,,
"Вознесенский филиал - НибулонНиколаевская, Вознесенский",10 000,,,,,,,,,,,,,,,,,,,,,,,,,,,,,,,,,,,,,
"Врадиевский агрокомбинатНиколаевская, Врадиевский",9 950,,,,,,,,,,,,,,,,,,,,,,,,,,,,,,,,,,,,,
"Терновский терминал - НибулонЗапорожская, Вольнянский",9 100,,,,,,,,,,,,,,,,,,,,,,,,,,,,,,,,,,,,,
Соя,"Градижск филиал - НибулонПолтавская, Кременчугский",,,,,,,,,,"Кременчугский терминал - НибулонПолтавская, Кременчугский",17 650,"Филиал Ромодан НибулонаПолтавская, Миргородский",17 500,17 900,"Глобинский филиал - НибулонПолтавская, Глобинский",17 900,"Витовский элеватор - НибулонЧеркасская, Чигиринский",17 800,"Скороходовский филиалПолтавская, Чутовский","Марьяновский элеваторПолтавская, Гребенковський","Переяславский филиал - НибулонКиевская, Переяслав-Хмельницкий","Дениховский элеваторКиевская, Тетиевский",,,,,,,,,,,,,,,
"Градижск филиал - НибулонПолтавская, Кременчугский",17 900,,,,,,,,,,,,,,,,,,,,,,,,,,,,,,,,,,,,,
"Глобинский филиал - НибулонПолтавская, Глобинский",17 900,,,,,,,,,,,,,,,,,,,,,,,,,,,,,,,,,,,,,
"Витовский элеватор - НибулонЧеркасская, Чигиринский",17 800,,,,,,,,,,,,,,,,,,,,,,,,,,,,,,,,,,,,,
"Кременчугский терминал - НибулонПолтавская, Кременчугский",17 800,,,,,,,,,,,,,,,,,,,,,,,,,,,,,,,,,,,,,
"Скороходовский филиалПолтавская, Чутовский",17 650,,,,,,,,,,,,,,,,,,,,,,,,,,,,,,,,,,,,,
"Филиал Ромодан НибулонаПолтавская, Миргородский",17 650,,,,,,,,,,,,,,,,,,,,,,,,,,,,,,,,,,,,,
"Марьяновский элеваторПолтавская, Гребенковський",17 650,,,,,,,,,,,,,,,,,,,,,,,,,,,,,,,,,,,,,
"Переяславский филиал - НибулонКиевская, Переяслав-Хмельницкий",17 600,,,,,,,,,,,,,,,,,,,,,,,,,,,,,,,,,,,,,
"Дениховский элеваторКиевская, Тетиевский",17 500,,,,,,,,,,,,,,,,,,,,,,,,,,,,,,,,,,,,,
Пшениця некондиція,"Дениховский элеваторКиевская, Тетиевский",,,,,,,,,,,,,,8 450,"Тетеревский элеваторЖитомирская, Чудновский",8 400,"Смотрич Филиал - НибулонХмельницкая, Камянец-Подольский",8 250,,,,,,,,,,,,,,,,,,,
"Дениховский элеваторКиевская, Тетиевский",8 450,,,,,,,,,,,,,,,,,,,,,,,,,,,,,,,,,,,,,
"Тетеревский элеваторЖитомирская, Чудновский",8 400,,,,,,,,,,,,,,,,,,,,,,,,,,,,,,,,,,,,,
"Смотрич Филиал - НибулонХмельницкая, Камянец-Подольский",8 250,,,,,,,,,,,,,,,,,,,,,,,,,,,,,,,,,,,,,
Хмільник елеватор,"Вінницька область, Хмільницький район",,,,,,,,,,,,,,,,,,,,,,,,,,,,,,,,,,,10 000,,
Філія Зеленодольска,"Дніпропетровська область, Апостолівський район",,,,,,,,,,,,,,,,,,,,,,,,,,,,,,,,,,,,,
Тетерівський елеватор,"Житомирська область, Чуднівський район",,,,,,,,,,,,,,,,,,,,,,,,,,,,,,,,,,,76 000,,
Хортиця - Нібулон,"Запорізька область, Запорізький район",,,,,,,,,,,,,,,,,,,,,,,,,,,,,,,,,,,77 000,,
Переяславська філія - Нібулон,"Київська область, Переяслав-Хмельницький район",,,,,,,,,,,,,,,,,,,,,,,,,,,,,,,,,,,76 000,,
Деніхівський елеватор,"Київська область, Тетіївський район",,,,,,,,,,,,,,,,,,,,,,,,,,,,,,,,,,,76 000,,
Круп'яний Дім - Нібулон,"Кіровоградська область, Кропивницький район",,,,,,,,,,,,,,,,,,,,,,,,,,,,,,,,,,,25 000,,
Старобільська філія,"Луганська область, Старобільський район",,,,,,,,,,,,,,,,,,,,,,,,,,,,,,,,,,,157 700,,
Сватівський елеватор,"Луганська область, Сватівський район",,,,,,,,,,,,,,,,,,,,,,,,,,,,,,,,,,,10 000,,
Баштанський елеватор,"Миколаївська область, Баштанський район",,,,,,,,,,,,,,,,,,,,,,,,,,,,,,,,,,,20 000,,
Колосівський елеватор,"Миколаївська область, Веселинівський район",,,,,,,,,,,,,,,,,,,,,,,,,,,,,,,,,,,54 000,,
Врадіївський агрокомбінат,"Миколаївська область, Врадіївський район",,,,,,,,,,,,,,,,,,,,,,,,,,,,,,,,,,,41 000,,
Миколаївський термінал - Нібулон,"Миколаївська область, Миколаївський район",,,,,,,,,,,,,,,,,,,,,,,,,,,,,,,,,,,173 000,,
Вознесенська філія - Нібулон,"Миколаївська область, Вознесенський район",,,,,,,,,,,,,,,,,,,,,,,,,,,,,,,,,,,76 000,,
Бессарабська філія Нібулон,"Одеська область, Ізмаїльський район",,,,,,,,,,,,,,,,,,,,,,,,,,,,,,,,,,,,,
Глобинський філіал - Нібулон,"Полтавська область, Глобинський район",,,,,,,,,,,,,,,,,,,,,,,,,,,,,,,,,,,66 000,,
Градізька філія - Нібулон,"Полтавська область, Кременчуцький район",,,,,,,,,,,,,,,,,,,,,,,,,,,,,,,,,,,42 200,,
Кременчуцький термінал - Нібулон,"Полтавська область, Кременчуцький район",,,,,,,,,,,,,,,,,,,,,,,,,,,,,,,,,,,75 600,,
Мар'янівський елеватор,"Полтавська область, Гребінківський район",,,,,,,,,,,,,,,,,,,,,,,,,,,,,,,,,,,76 800,,
Решетилівський елеватор,"Полтавська область, Кобеляцький район",,,,,,,,,,,,,,,,,,,,,,,,,,,,,,,,,,,37 500,,
Філія Ромодан Нібулона,"Полтавська область, Миргородський район",,,,,,,,,,,,,,,,,,,,,,,,,,,,,,,,,,,150 500,,
Скороходівська філія,"Полтавська область, Чутівський район",,,,,,,,,,,,,,,,,,,,,,,,,,,,,,,,,,,75 600,,
"Козацька, філія - Нібулон","Херсонська область, Бериславський район",,,,,,,,,,,,,,,,,,,,,,,,,,,,,,,,,,,76 000,,
Голопристанська філія,"Херсонська область, Голопристанський район",,,,,,,,,,,,,,,,,,,,,,,,,,,,,,,,,,,77 000,,
Смотрич Філія - Нібулон,"Хмельницька область, Кам'янець-Подільський район",,,,,,,,,,,,,,,,,,,,,,,,,,,,,,,,,,,66 000,,
Золотоніська філія - Нібулон,"Черкаська область, Золотоніський район",,,,,,,,,,,,,,,,,,,,,,,,,,,,,,,,,,,66 000,,
Вітовський елеватор - Нібулон,"Черкаська область, Чигиринський район",,,,,,,,,,,,,,,,,,,,,,,,,,,,,,,,,,,75 200,,
"ФІЛІЯ ""ПІВДЕННИЙ БУГ"" ТОВАРИСТВА З ОБМЕЖЕНОЮ ВІДПОВІДАЛЬНІСТЮ СІЛЬСЬКОГОСПОДАРСЬКОГО ПІДПРИЄМСТВА ""НІБУЛОН""","Вінницька область, Хмільницький район",,,,,,,,,,,,,,,,,,,,,,,,,,,,,,,,,,,,,
"ФІЛІЯ ""ХМІЛЬНИК"" ТОВАРИСТВА З ОБМЕЖЕНОЮ ВІДПОВІДАЛЬНІСТЮ СІЛЬСЬКОГОСПОДАРСЬКОГО ПІДПРИЄМСТВА""НІБУЛОН""","Вінницька область, Хмільницький район",,,,,,,,,,,,,,,,,,,,,,,,,,,,,,,,,,,,,
"ФІЛІЯ ""БИСТРИЦЬКА"" ТОВАРИСТВА З ОБМЕЖЕНОЮ ВІДПОВІДАЛЬНІСТЮ СІЛЬСЬКОГОСПОДАРСЬКОГО ПІДПРИЄМСТВА ""НІБУЛОН""","Житомирська область, Ружинський район",,,,,,,,,,,,,,,,,,,,,,,,,,,,,,,,,,,,,
"ФІЛІЯ ""ЧУДНІВСЬКА"" ТОВАРИСТВА З ОБМЕЖЕНОЮ ВІДПОВІДАЛЬНІСТЮ СІЛЬСЬКОГОСПОДАРСЬКОГО ПІДПРИЄМСТВА ""НІБУЛОН""","Житомирська область, Чуднівський район",,,,,,,,,,,,,,,,,,,,,,,,,,,,,,,,,,,,,
"ФІЛІЯ ""БІЛОВОДСЬКА"" ТОВАРИСТВА З ОБМЕЖЕНОЮ ВІДПОВІДАЛЬНІСТЮ СІЛЬСЬКОГОСПОДАРСЬКОГО ПІДПРИЄМСТВА""НІБУЛОН""","Луганська область, Біловодський район",,,,,,,,,,,,,,,,,,,,,,,,,,,,,,,,,,,,,
"ФІЛІЯ ""НОВОПСКОВСЬКА"" ТОВАРИСТВА З ОБМЕЖЕНОЮ ВІДПОВІДАЛЬНІСТЮ СІЛЬСЬКОГОСПОДАРСЬКОГО ПІДПРИЄМСТВА""НІБУЛОН""","Луганська область, Новопсковський район",,,,,,,,,,,,,,,,,,,,,,,,,,,,,,,,,,,,,
"ФІЛІЯ ""СВАТІВСЬКА"" ТОВАРИСТВА З ОБМЕЖЕНОЮ ВІДПОВІДАЛЬНІСТЮ СІЛЬСЬКОГОСПОДАРСЬКОГО ПІДПРИЄМСТВА""НІБУЛОН""","Луганська область, Сватівський район",,,,,,,,,,,,,,,,,,,,,,,,,,,,,,,,,,,,,
"ФІЛІЯ ""СТАРОБІЛЬСЬКА"" ТОВАРИСТВА З ОБМЕЖЕНОЮ ВІДПОВІДАЛЬНІСТЮ СІЛЬСЬКОГОСПОДАРСЬКОГО ПІДПРИЄМСТВА""НІБУЛОН""","Луганська область, Старобільський район",,,,,,,,,,,,,,,,,,,,,,,,,,,,,,,,,,,,,
"ФІЛІЯ ""ТРОЇЦЬКА"" ТОВАРИСТВА З ОБМЕЖЕНОЮ ВІДПОВІДАЛЬНІСТЮ СІЛЬСЬКОГОСПОДАРСЬКОГО ПІДПРИЄМСТВА""НІБУЛОН""","Луганська область, Троїцький район",,,,,,,,,,,,,,,,,,,,,,,,,,,,,,,,,,,,,
"Нібулон, СТОВ - Баштанська філія","Миколаївська область, Баштанський район",,,,,,,,,,,,,,,,,,,,,,,,,,,,,,,,,,,,,
"ФІЛІЯ ""ПРИБУЖАНІВСЬКА"" ТОВАРИСТВА З ОБМЕЖЕНОЮ ВІДПОВІДАЛЬНІСТЮ СІЛЬСЬКОГОСПОДАРСЬКОГО ПІДПРИЄМСТВА""НІБУЛОН""","Миколаївська область, Вознесенський район",,,,,,,,,,,,,,,,,,,,,,,,,,,,,,,,,,,,,
"ФІЛІЯ ""ВРАДІЇВСЬКА"" ТОВАРИСТВА З ОБМЕЖЕНОЮ ВІДПОВІДАЛЬНІСТЮ СІЛЬСЬКОГОСПОДАРСЬКОГО ПІДПРИЄМСТВА""НІБУЛОН""","Миколаївська область, Врадіївський район",,,,,,,,,,,,,,,,,,,,,,,,,,,,,,,,,,,,,
"ДОСЛІДНИЦЬКИЙ ПІДРОЗДІЛ ""ЛІДІЄВСЬКЕ"" - ФІЛІЯ ТОВАРИСТВА З ОБМЕЖЕНОЮ ВІДПОВІДАЛЬНІСТЮ СІЛЬСЬКОГОСПОДАРСЬКОГО ПІДПРИЄМСТВА""НІБУЛОН""","Миколаївська область, Доманівський район",,,,,,,,,,,,,,,,,,,,,,,,,,,,,,,,,,,,,
"ФІЛІЯ ""СНІГУРІВСЬКА"" ТОВАРИСТВА З ОБМЕЖЕНОЮ ВІДПОВІДАЛЬНІСТЮ СІЛЬСЬКОГОСПОДАРСЬКОГО ПІДПРИЄМСТВА""НІБУЛОН""","Миколаївська область, Снігурівський район",,,,,,,,,,,,,,,,,,,,,,,,,,,,,,,,,,,,,
"ТОВАРИСТВО З ОБМЕЖЕНОЮ ВІДПОВІДАЛЬНІСТЮ СІЛЬСЬКОГОСПОДАРСЬКЕ ПІДПРИЄМСТВО ""НІБУЛОН""","Миколаївська область, Миколаївський район",,,,,,,,,,,,,,,,,,,,,,,,,,,,,,,,,,,,74 802,
"Нібулон, СТОВ  Сухорабівська філія","Полтавська область, Решетилівський район",,,,,,,,,,,,,,,,,,,,,,,,,,,,,,,,,,,,,
"ФІЛІЯ ""ПРИСЕЙМІВСЬКА"" ТОВАРИСТВА З ОБМЕЖЕНОЮ ВІДПОВІДАЛЬНІСТЮ СІЛЬСЬКОГОСПОДАРСЬКОГО ПІДПРИЄМСТВА ""НІБУЛОН""","Сумська область, Кролевецький район",,,,,,,,,,,,,,,,,,,,,,,,,,,,,,,,,,,,,
"ФІЛІЯ ""КУП'ЯНСЬКА"" ТОВАРИСТВА З ОБМЕЖЕНОЮ ВІДПОВІДАЛЬНІСТЮ СІЛЬСЬКОГОСПОДАРСЬКОГО ПІДПРИЄМСТВА""НІБУЛОН""","Харківська область, Куп'янський район",,,,,,,,,,,,,,,,,,,,,,,,,,,,,,,,,,,,,
"ФІЛІЯ ""КАМ'ЯНКА"" ТОВАРИСТВА З ОБМЕЖЕНОЮ ВІДПОВІДАЛЬНІСТЮ СІЛЬСЬКОГОСПОДАРСЬКОГО ПІДПРИЄМСТВА ""НІБУЛОН""","Черкаська область, Кам'янський район",,,,,,,,,,,,,,,,,,,,,,,,,,,,,,,,,,,,,
"ФІЛІЯ ""ЧИГИРИН"" ТОВАРИСТВА З ОБМЕЖЕНОЮ ВІДПОВІДАЛЬНІСТЮ СІЛЬСЬКОГОСПОДАРСЬКОГО ПІДПРИЄМСТВА ""НІБУЛОН""","Черкаська область, Чигиринський район",,,,,,,,,,,,,,,,,,,,,,,,,,,,,,,,,,,,,
"м. Київ, вул. Жилянська, 31",+38 (044) 364 44 15,,,,,,,,,,,,,,,,,,,,,,,,,,,,,,,,,,,,,mail@nibulon.ua
Миколаївська обл.,+38(050) 493 11 48,,,,,,,,,,,,,,,,,,,,,,,,,,,,,,,,,,,,,
Черкаська обл.,+38(050) 318 09 10 +38(0473) 09 34 52,,,,,,,,,,,,,,,,,,,,,,,,,,,,,,,,,,,,,
Полтавська обл.,+38(050) 318 09 11,,,,,,,,,,,,,,,,,,,,,,,,,,,,,,,,,,,,,
Київська обл.,+38(067) 511 95 89 +38(067) 515 24 32 +38(050) 394 51 37,,,,,,,,,,,,,,,,,,,,,,,,,,,,,,,,,,,,,
Запорізька обл.,+38(050) 394 84 20 +38(095) 278 23 17 +38(0613) 82 27 68,,,,,,,,,,,,,,,,,,,,,,,,,,,,,,,,,,,,,
Херсонська обл.,+38(050) 493 73 89 +38(0552) 44 83 62,,,,,,,,,,,,,,,,,,,,,,,,,,,,,,,,,,,,,
Хмельницька обл.,+38(0384) 97 75 18,,,,,,,,,,,,,,,,,,,,,,,,,,,,,,,,,,,,,
Луганська обл.,+38(050) 493 11 30 +38(050) 476 36 44 +38(0646) 12 46 50,,,,,,,,,,,,,,,,,,,,,,,,,,,,,,,,,,,,,
Житомирська обл.,+38(050) 493 54 58,,,,,,,,,,,,,,,,,,,,,,,,,,,,,,,,,,,,,
м. Миколаїв,38(0512) 58 04 03 +38(0512) 37 13 02,,,,,,,,,,,,,,,,,,,,,,,,,,,,,,,,,,,,,
Полтавська обл,+38(050) 318 09 11,,,,,,,,,,,,,,,,,,,,,,,,,,,,,,,,,,,,,
